gene,probe,tissue,day,n_timepoint,n_baseline,n_pairs,n_unpaired,paired_subjects,mean_delta_log2,sample_sd_delta_log2,min_delta_log2,max_delta_log2,n_increased,n_decreased,n_unchanged,unpaired_group_delta_log2
COL1A1,ENSG00000108821_at,palate,0.25,6,17,6,0,129;140;142;143;152;156,0.615753066,1.1464681251247768,-0.8128479080000002,1.9301982940000002,4,2,0,1.058040425715685
COL1A1,ENSG00000108821_at,palate,1.0,12,17,12,0,115;117;122;126;129;140;142;143;146;148;152;156,0.30339343158333315,0.8495586690926152,-1.3773702280000002,1.601524028,8,4,0,0.3313657457990189
COL1A1,ENSG00000108821_at,palate,3.0,10,17,9,1,115;117;122;126;132;147;150;153;155,0.7718274580000002,0.5635715556598053,0.07184168200000052,2.0029727360000003,9,0,0,0.45544044818235285
COL1A1,ENSG00000108821_at,palate,7.0,6,17,5,1,132;147;150;153;155,1.4330309058000004,0.9078421689098095,0.4055187810000014,2.3921441539999995,5,0,0,1.401551997549019
COL1A1,ENSG00000108821_at,skin,0.25,7,13,7,0,129;142;143;146;148;152;156,0.09643470428571442,0.7721172197219526,-1.0331945679999999,1.0818245950000005,4,3,0,0.10117821502197799
COL1A1,ENSG00000108821_at,skin,1.0,10,13,8,2,126;129;140;142;143;146;152;156,-0.048915021749999954,0.41633629845472114,-0.5595263170000004,0.6398439509999996,3,5,0,-0.23204583209230734
COL1A1,ENSG00000108821_at,skin,3.0,9,13,5,4,117;126;147;153;155,0.3548359513999998,0.9893466223414303,-1.3169705539999992,1.1549958399999989,4,1,0,0.12507334041880291
COL1A1,ENSG00000108821_at,skin,7.0,6,13,3,3,147;153;155,0.6006070786666667,1.8972933997677948,-0.5312180779999993,2.7910045309999996,1,2,0,1.2813604211410254
COL3A1,ENSG00000168542_at,palate,0.25,6,17,6,0,129;140;142;143;152;156,-0.006119739999999929,1.3879476675131721,-2.005138129999999,1.30994263,3,3,0,0.22769612745097945
COL3A1,ENSG00000168542_at,palate,1.0,12,17,12,0,115;117;122;126;129;140;142;143;146;148;152;156,-0.37679130708333314,0.8965037947543116,-1.6698792499999993,1.3699156600000002,4,8,0,-0.34691788713235283
COL3A1,ENSG00000168542_at,palate,3.0,10,17,9,1,115;117;122;126;132;147;150;153;155,0.8495736044444444,0.4920259842371072,-0.07896053999999886,1.3825472399999992,8,1,0,0.6946946821176461
COL3A1,ENSG00000168542_at,palate,7.0,6,17,5,1,132;147;150;153;155,1.9193311300000002,0.7943774252554701,1.1166937000000008,3.1451495099999995,5,0,0,1.809887850784314
COL3A1,ENSG00000168542_at,skin,0.25,7,13,7,0,129;142;143;146;148;152;156,-0.48933619557142827,1.2090522097621645,-2.058372969999999,1.35206773,2,5,0,-0.5340793059010984
COL3A1,ENSG00000168542_at,skin,1.0,10,13,8,2,126;129;140;142;143;146;152;156,-0.7939941070000001,0.2558354813577955,-1.0542857300000001,-0.2676582700000001,0,8,0,-1.0668413056153838
COL3A1,ENSG00000168542_at,skin,3.0,9,13,5,4,117;126;147;153;155,0.06487542200000007,0.9891313083475897,-1.5794887899999992,1.0397691799999986,4,1,0,0.26015604427350425
COL3A1,ENSG00000168542_at,skin,7.0,6,13,3,3,147;153;155,0.7990408033333333,1.8502760827489626,-0.3908435699999995,2.9307500399999995,1,2,0,1.7477349987179487
COL4A1,ENSG00000187498_at,palate,0.25,6,17,6,0,129;140;142;143;152;156,1.6584858461666667,0.9082877603949637,0.3921754780000004,3.106825164,6,0,0,1.8684060416078427
COL4A1,ENSG00000187498_at,palate,1.0,12,17,12,0,115;117;122;126;129;140;142;143;146;148;152;156,2.4252993658333333,0.6007052985025976,1.1532110619999996,3.396900951,12,0,0,2.4178742201911767
COL4A1,ENSG00000187498_at,palate,3.0,10,17,9,1,115;117;122;126;132;147;150;153;155,2.056574208111111,0.8025337490816803,0.6903752220000001,3.268386348999999,9,0,0,1.9643874862411774
COL4A1,ENSG00000187498_at,palate,7.0,6,17,5,1,132;147;150;153;155,2.2120577939999997,1.039076319150229,1.0119027359999997,3.737515211999999,5,0,0,2.0129364301078443
COL4A1,ENSG00000187498_at,skin,0.25,7,13,7,0,129;142;143;146;148;152;156,1.0709733412857145,0.3711039635467032,0.7485769119999999,1.707494157000001,7,0,0,0.937911902571428
COL4A1,ENSG00000187498_at,skin,1.0,10,13,8,2,126;129;140;142;143;146;152;156,1.304836712375,0.7722471901786344,-0.39858532800000024,2.0812640069999997,7,1,0,1.3395463277
COL4A1,ENSG00000187498_at,skin,3.0,9,13,5,4,117;126;147;153;155,2.196348077,1.2762798061017107,-0.01763291599999839,3.0621960159999997,4,1,0,1.9720603222222222
COL4A1,ENSG00000187498_at,skin,7.0,6,13,3,3,147;153;155,1.820125930333334,1.5889610587939955,0.6129122700000007,3.6203001970000006,3,0,0,2.372050408333334
COL7A1,ENSG00000114270_at,palate,0.25,6,17,6,0,129;140;142;143;152;156,-0.578507959333333,0.27605705625327054,-0.9678229490000003,-0.26280049599999966,0,6,0,-0.546868034284314
COL7A1,ENSG00000114270_at,palate,1.0,12,17,12,0,115;117;122;126;129;140;142;143;146;148;152;156,-0.6275698595000001,0.34242894090491094,-1.3388051550000002,-0.29260405700000014,0,12,0,-0.6581036484509815
COL7A1,ENSG00000114270_at,palate,3.0,10,17,9,1,115;117;122;126;132;147;150;153;155,-0.22382378333333364,0.553186796397922,-1.3047544120000003,0.2858153870000004,4,5,0,-0.2248760907176477
COL7A1,ENSG00000114270_at,palate,7.0,6,17,5,1,132;147;150;153;155,0.45128801700000026,0.22543551273383847,0.07560255200000121,0.6510383849999997,5,0,0,0.5036824452156861
COL7A1,ENSG00000114270_at,skin,0.25,7,13,7,0,129;142;143;146;148;152;156,-1.064101072857143,0.3245761207795656,-1.4719067699999995,-0.6567180079999995,0,7,0,-0.907274409175824
COL7A1,ENSG00000114270_at,skin,1.0,10,13,8,2,126;129;140;142;143;146;152;156,-1.209997499875,0.4782915936893614,-1.9159295239999992,-0.6357684810000004,0,8,0,-1.1481057919615383
COL7A1,ENSG00000114270_at,skin,3.0,9,13,5,4,117;126;147;153;155,0.12812200900000015,0.7909122944814685,-0.6303201639999996,1.3352666219999998,2,3,0,-0.022326860239316737
COL7A1,ENSG00000114270_at,skin,7.0,6,13,3,3,147;153;155,0.501303074666667,0.4717607285197277,0.13125618099999947,1.0325304460000009,3,0,0,0.8274662137051285
DCN,ENSG00000011465_at,palate,0.25,6,17,6,0,129;140;142;143;152;156,-0.3011775124999998,0.5617566369809024,-1.2167305880000008,0.48227477800000074,1,5,0,-0.3502017363627452
DCN,ENSG00000011465_at,palate,1.0,12,17,12,0,115;117;122;126;129;140;142;143;146;148;152;156,-0.26632550141666683,0.44563772886222525,-1.1557859520000004,0.15916287900000015,4,8,0,-0.2926591703627448
DCN,ENSG00000011465_at,palate,3.0,10,17,9,1,115;117;122;126;132;147;150;153;155,0.24268055411111097,0.31148692981465337,-0.38431339200000103,0.6391347539999988,8,1,0,0.3097909229705884
DCN,ENSG00000011465_at,palate,7.0,6,17,5,1,132;147;150;153;155,0.2867423652000003,0.3993190458922086,-0.27438328000000034,0.8337678060000009,4,1,0,0.37896555897058803
DCN,ENSG00000011465_at,skin,0.25,7,13,7,0,129;142;143;146;148;152;156,0.5246655444285716,0.5543282545739742,-0.35430915599999935,1.3665194090000004,6,1,0,0.3948160692637366
DCN,ENSG00000011465_at,skin,1.0,10,13,8,2,126;129;140;142;143;146;152;156,-0.43821430125000016,0.7098400436685984,-1.4697056819999998,0.9971738769999998,1,7,0,-0.396134142707691
DCN,ENSG00000011465_at,skin,3.0,9,13,5,4,117;126;147;153;155,-0.1677701152000001,0.457886272793174,-0.8129533089999992,0.35630053499999903,2,3,0,-0.13496090641880265
DCN,ENSG00000011465_at,skin,7.0,6,13,3,3,147;153;155,-0.25804210933333316,0.9327224246263852,-1.1300355599999996,0.7253956519999996,1,2,0,0.4424384400256418
FMOD,ENSG00000122176_at,palate,0.25,6,17,6,0,129;140;142;143;152;156,0.6823929786666662,1.1165980017991504,-0.9023656470000017,1.9527241220000002,4,2,0,0.8406770361078424
FMOD,ENSG00000122176_at,palate,1.0,12,17,12,0,115;117;122;126;129;140;142;143;146;148;152;156,0.8409842380833333,0.617191246936741,-0.18071848100000132,2.06515614,11,1,0,0.7930070090245094
FMOD,ENSG00000122176_at,palate,3.0,10,17,9,1,115;117;122;126;132;147;150;153;155,0.6197347811111109,0.46118496287621796,-0.11288655599999942,1.243605595,8,1,0,0.5071236168411764
FMOD,ENSG00000122176_at,palate,7.0,6,17,5,1,132;147;150;153;155,0.9829204464000002,0.8566377126965032,0.3065482569999993,2.381861252,5,0,0,1.1642884394411768
FMOD,ENSG00000122176_at,skin,0.25,7,13,7,0,129;142;143;146;148;152;156,-0.1833323994285713,0.3840321959061566,-0.8175677309999996,0.25670016100000037,3,4,0,-0.2845687691098897
FMOD,ENSG00000122176_at,skin,1.0,10,13,8,2,126;129;140;142;143;146;152;156,-0.3293452297499999,0.47469078294823924,-1.076613762,0.5418037020000002,2,6,0,-0.4473238206384611
FMOD,ENSG00000122176_at,skin,3.0,9,13,5,4,117;126;147;153;155,0.1786539151999998,0.8437005195054404,-1.214721281,0.8546589919999992,4,1,0,0.2622621080170937
FMOD,ENSG00000122176_at,skin,7.0,6,13,3,3,147;153;155,-0.5554923103333334,0.8486720257171934,-1.3816909710000003,0.3139961490000003,1,2,0,0.31804881162820475
FN1,ENSG00000115414_at,palate,0.25,6,17,6,0,129;140;142;143;152;156,0.46275243866666677,0.510077530777936,-0.18535075400000078,1.3077056460000005,5,1,0,0.5334082249411765
FN1,ENSG00000115414_at,palate,1.0,12,17,12,0,115;117;122;126;129;140;142;143;146;148;152;156,0.45535545158333335,0.23593179741278164,0.1571663749999992,0.8741848159999996,12,0,0,0.48864763910784337
FN1,ENSG00000115414_at,palate,3.0,10,17,9,1,115;117;122;126;132;147;150;153;155,0.4034831701111112,0.24110199037446375,0.005058787000000287,0.7438159409999994,9,0,0,0.3929891863411763
FN1,ENSG00000115414_at,palate,7.0,6,17,5,1,132;147;150;153;155,0.8129972542000001,0.28896813677540145,0.5650344519999999,1.2691702680000008,5,0,0,0.7333836476078428
FN1,ENSG00000115414_at,skin,0.25,7,13,7,0,129;142;143;146;148;152;156,0.36819764485714274,0.277890683393832,-0.10179462500000014,0.7381901599999994,6,1,0,0.3902427793626373
FN1,ENSG00000115414_at,skin,1.0,10,13,8,2,126;129;140;142;143;146;152;156,0.021860898999999878,0.3854601367421295,-0.5978436729999999,0.6704205759999997,5,3,0,0.09663824637692287
FN1,ENSG00000115414_at,skin,3.0,9,13,5,4,117;126;147;153;155,0.2578933006,0.5118159998359683,-0.5686919489999998,0.8013558339999998,4,1,0,0.12154632918803454
FN1,ENSG00000115414_at,skin,7.0,6,13,3,3,147;153;155,0.19645408599999983,0.8502454337767658,-0.41633091300000036,1.1671418559999998,1,2,0,0.39950688774358944
IDO1,ENSG00000131203_at,palate,0.25,6,17,6,0,129;140;142;143;152;156,-0.04238994616666666,0.7016835406027454,-1.032146849,0.9180339610000008,3,3,0,0.23403904375490203
IDO1,ENSG00000131203_at,palate,1.0,12,17,12,0,115;117;122;126;129;140;142;143;146;148;152;156,1.9910846376666667,1.3164803452283373,0.1482389339999992,3.926572545000001,12,0,0,2.063466123671569
IDO1,ENSG00000131203_at,palate,3.0,10,17,9,1,115;117;122;126;132;147;150;153;155,0.01619494988888892,0.4691917406880492,-0.9637587959999996,0.7408217529999996,6,3,0,0.0010665253882358172
IDO1,ENSG00000131203_at,palate,7.0,6,17,5,1,132;147;150;153;155,-0.11359656499999993,0.5141921216916283,-0.7375569930000001,0.3989598430000001,2,3,0,-0.2510442484117643
IDO1,ENSG00000131203_at,skin,0.25,7,13,7,0,129;142;143;146;148;152;156,0.3090063392857144,0.49783833482459594,-0.34628063099999995,0.9495815700000003,5,2,0,0.14973203379120914
IDO1,ENSG00000131203_at,skin,1.0,10,13,8,2,126;129;140;142;143;146;152;156,0.918191885,0.1806543535001707,0.727182751,1.1826200409999998,8,0,0,0.911861822076923
IDO1,ENSG00000131203_at,skin,3.0,9,13,5,4,117;126;147;153;155,0.8401131574000003,0.766957029543599,-0.2994678630000003,1.7381374530000002,4,1,0,0.9006430251880344
IDO1,ENSG00000131203_at,skin,7.0,6,13,3,3,147;153;155,0.6690239076666668,0.4047578512006055,0.2547973500000005,1.063597015,3,0,0,0.2836386880769233
IL1B,ENSG00000125538_at,palate,0.25,6,17,6,0,129;140;142;143;152;156,1.9987354868333334,0.684528429691274,1.3024337819999996,2.898447184,6,0,0,1.8808543976568624
IL1B,ENSG00000125538_at,palate,1.0,12,17,12,0,115;117;122;126;129;140;142;143;146;148;152;156,2.73252617575,1.4896461494095048,0.571315974,5.136484854999999,12,0,0,2.7104629929901956
IL1B,ENSG00000125538_at,palate,3.0,10,17,9,1,115;117;122;126;132;147;150;153;155,0.5428065174444446,0.7841213301838396,-0.30249779599999993,2.295686722,7,2,0,0.8009619446235297
IL1B,ENSG00000125538_at,palate,7.0,6,17,5,1,132;147;150;153;155,-0.09849401679999996,0.5538539243442078,-1.0018229610000002,0.3987000250000001,3,2,0,-0.09382415967646995
IL1B,ENSG00000125538_at,skin,0.25,7,13,7,0,129;142;143;146;148;152;156,1.5068132087142858,0.6498971542311199,0.556404283,2.3095584580000006,7,0,0,1.4210485210219783
IL1B,ENSG00000125538_at,skin,1.0,10,13,8,2,126;129;140;142;143;146;152;156,0.9643518428749999,0.848570202479786,-0.2826384260000001,2.052682174,6,2,0,1.4436688740076926
IL1B,ENSG00000125538_at,skin,3.0,9,13,5,4,117;126;147;153;155,2.7089941792,1.1164883805672001,1.452705247,3.8381814079999996,5,0,0,2.2615201621965815
IL1B,ENSG00000125538_at,skin,7.0,6,13,3,3,147;153;155,1.5935691413333328,3.018668760992407,-0.618284804,5.032549409999999,2,1,0,0.681477422307692
IL6,ENSG00000136244_at,palate,0.25,6,17,6,0,129;140;142;143;152;156,4.681002441166667,0.9512402949683552,3.862537884,5.934101216,6,0,0,4.776428169941176
IL6,ENSG00000136244_at,palate,1.0,12,17,12,0,115;117;122;126;129;140;142;143;146;148;152;156,3.9255549065,1.7960058941814836,1.4255792070000002,6.135077659,12,0,0,3.9698330783578433
IL6,ENSG00000136244_at,palate,3.0,10,17,9,1,115;117;122;126;132;147;150;153;155,0.01046506822222204,0.560531085934942,-0.6051880829999998,0.9556567299999994,4,5,0,0.12182815684117632
IL6,ENSG00000136244_at,palate,7.0,6,17,5,1,132;147;150;153;155,-0.34159703840000033,0.31412489836380353,-0.7899421470000005,-0.011596096999999972,0,5,0,-0.3690199473921574
IL6,ENSG00000136244_at,skin,0.25,7,13,7,0,129;142;143;146;148;152;156,3.668841491142857,1.1766698521611294,1.206109628,4.998117215000001,7,0,0,3.592906951571428
IL6,ENSG00000136244_at,skin,1.0,10,13,8,2,126;129;140;142;143;146;152;156,0.8531726838750001,1.6726963350679465,-2.8632970560000004,2.219750983,6,2,0,1.3279615785
IL6,ENSG00000136244_at,skin,3.0,9,13,5,4,117;126;147;153;155,1.3022164022,0.6391536613576938,0.21032879499999968,1.846858793,5,0,0,0.6492139868888884
IL6,ENSG00000136244_at,skin,7.0,6,13,3,3,147;153;155,0.4620400253333335,0.2638819932671573,0.15761776399999983,0.6256099180000003,3,0,0,-0.5081842798333334
LAMA3,ENSG00000053747_at,palate,0.25,6,17,6,0,129;140;142;143;152;156,0.055419780000000106,0.13137585817910552,-0.17908330299999964,0.21735650000000017,5,1,0,0.009650513362744917
LAMA3,ENSG00000053747_at,palate,1.0,12,17,12,0,115;117;122;126;129;140;142;143;146;148;152;156,0.1771601780833334,0.16392085169451318,-0.12825919999999957,0.43000382900000034,11,1,0,0.15855706736274477
LAMA3,ENSG00000053747_at,palate,3.0,10,17,9,1,115;117;122;126;132;147;150;153;155,0.07452226688888894,0.04887089846663111,-0.01560222400000022,0.14403857400000053,8,1,0,0.10595034272941195
LAMA3,ENSG00000053747_at,palate,7.0,6,17,5,1,132;147;150;153;155,-0.0012221132000002299,0.16070571615320065,-0.2757493819999999,0.14155261599999935,4,1,0,0.010133036862744582
LAMA3,ENSG00000053747_at,skin,0.25,7,13,7,0,129;142;143;146;148;152;156,0.19383016185714297,0.15243963019434506,0.029936172000000205,0.4717376910000004,7,0,0,0.1516297091978025
LAMA3,ENSG00000053747_at,skin,1.0,10,13,8,2,126;129;140;142;143;146;152;156,0.37623356374999994,0.1391372022101819,0.2216240969999994,0.6338421050000003,8,0,0,0.36308271036923045
LAMA3,ENSG00000053747_at,skin,3.0,9,13,5,4,117;126;147;153;155,0.2972178314000001,0.15895592406864617,0.05067037600000024,0.43537645299999994,5,0,0,0.3487954942136753
LAMA3,ENSG00000053747_at,skin,7.0,6,13,3,3,147;153;155,0.3548656070000001,0.08968821282461267,0.2549066230000001,0.4282998779999998,3,0,0,0.3882765114358975
MKI67,ENSG00000148773_at,palate,0.25,6,17,6,0,129;140;142;143;152;156,-0.7017535758333332,0.5757390618061125,-1.652944421,0.12391381599999995,1,5,0,-0.4207751887745106
MKI67,ENSG00000148773_at,palate,1.0,12,17,12,0,115;117;122;126;129;140;142;143;146;148;152;156,-0.03132753266666658,0.2803803077488686,-0.3602633439999998,0.45270841299999987,4,8,0,-0.030517230274510254
MKI67,ENSG00000148773_at,palate,3.0,10,17,9,1,115;117;122;126;132;147;150;153;155,0.7674932587777779,0.5797821337522112,-0.13951373200000017,1.5207126510000002,8,1,0,0.5962545390588234
MKI67,ENSG00000148773_at,palate,7.0,6,17,5,1,132;147;150;153;155,-0.2652217953999999,0.7301259019684652,-1.2259319619999998,0.4986828939999999,2,3,0,-0.20006251760784366
MKI67,ENSG00000148773_at,skin,0.25,7,13,7,0,129;142;143;146;148;152;156,-0.6957403785714283,0.2755784631986023,-1.1824722999999997,-0.43407766399999925,0,7,0,-0.6780881220549446
MKI67,ENSG00000148773_at,skin,1.0,10,13,8,2,126;129;140;142;143;146;152;156,-0.449323973625,0.32635647638588255,-0.9276316109999998,0.19935136600000014,1,7,0,-0.5841478344692304
MKI67,ENSG00000148773_at,skin,3.0,9,13,5,4,117;126;147;153;155,1.4925978903999995,0.3598014666970029,1.0847955969999994,2.055963738,5,0,0,1.4911509551196582
MKI67,ENSG00000148773_at,skin,7.0,6,13,3,3,147;153;155,1.1729664590000002,0.6418418058647303,0.7342218689999997,1.9096281240000001,3,0,0,1.1123947500641025
MMP1,ENSG00000196611_at,palate,0.25,6,17,6,0,129;140;142;143;152;156,6.594492939833334,1.0119602778098258,5.067614304,7.3974704330000005,6,0,0,6.506379170627451
MMP1,ENSG00000196611_at,palate,1.0,12,17,12,0,115;117;122;126;129;140;142;143;146;148;152;156,7.813701017583333,1.5197343103752645,6.031625848000001,10.497290782,12,0,0,7.972646148127451
MMP1,ENSG00000196611_at,palate,3.0,10,17,9,1,115;117;122;126;132;147;150;153;155,4.674785662666666,2.7129416964506787,0.548152677,9.47904354,9,0,0,5.073985578894117
MMP1,ENSG00000196611_at,palate,7.0,6,17,5,1,132;147;150;153;155,4.7097045903999994,3.6390536181406388,-1.0451554590000005,8.639899119999999,4,1,0,3.561944262127451
MMP1,ENSG00000196611_at,skin,0.25,7,13,7,0,129;142;143;146;148;152;156,6.6837994304285715,3.217766260109171,0.9100038500000007,9.439298532999999,7,0,0,6.263276421670329
MMP1,ENSG00000196611_at,skin,1.0,10,13,8,2,126;129;140;142;143;146;152;156,6.933292359125,2.892849232018987,1.724526299999999,9.259977144,8,0,0,7.155462728384616
MMP1,ENSG00000196611_at,skin,3.0,9,13,5,4,117;126;147;153;155,7.2989461146000005,2.5417679711571513,3.518589456000001,9.940881766,5,0,0,6.838519786273504
MMP1,ENSG00000196611_at,skin,7.0,6,13,3,3,147;153;155,5.603855341,4.583017132801316,1.115914214,10.276371636,3,0,0,4.139740976551281
MMP9,ENSG00000100985_at,palate,0.25,6,17,6,0,129;140;142;143;152;156,2.468697171,0.5958473602266646,1.5186583459999996,3.284188533000001,6,0,0,2.507571232441177
MMP9,ENSG00000100985_at,palate,1.0,12,17,12,0,115;117;122;126;129;140;142;143;146;148;152;156,4.207166509416667,1.195791627728283,1.3901924980000002,5.407428787000001,12,0,0,4.246117049607844
MMP9,ENSG00000100985_at,palate,3.0,10,17,9,1,115;117;122;126;132;147;150;153;155,2.4905755333333333,1.4448089849648813,-0.18739312199999958,4.801842389,8,1,0,2.2900420199411764
MMP9,ENSG00000100985_at,palate,7.0,6,17,5,1,132;147;150;153;155,1.2061310106,0.8511910953342289,0.3638302739999997,2.369358033,5,0,0,0.9055224252745102
MMP9,ENSG00000100985_at,skin,0.25,7,13,7,0,129;142;143;146;148;152;156,1.5190772772857142,1.0329689847157184,0.21277561100000053,2.9165823709999996,7,0,0,1.399895538725274
MMP9,ENSG00000100985_at,skin,1.0,10,13,8,2,126;129;140;142;143;146;152;156,2.833158740625,1.3983024654778926,0.24385484500000043,4.211031901,8,0,0,2.5550451254538453
MMP9,ENSG00000100985_at,skin,3.0,9,13,5,4,117;126;147;153;155,4.5318872058,0.9619326550569806,3.416969868999999,5.911559601,5,0,0,3.7851220590427355
MMP9,ENSG00000100985_at,skin,7.0,6,13,3,3,147;153;155,3.195895173666667,0.6881833510439397,2.6892166470000003,3.979379679,3,0,0,2.555664886820513
TGFB1,ENSG00000105329_at,palate,0.25,6,17,6,0,129;140;142;143;152;156,0.6268108028333335,0.22827088328130277,0.307284299,0.8547862110000004,6,0,0,0.6343910179607848
TGFB1,ENSG00000105329_at,palate,1.0,12,17,12,0,115;117;122;126;129;140;142;143;146;148;152;156,0.6817607687500001,0.3585294413304506,0.11105080300000036,1.1181915020000002,12,0,0,0.6686350021274512
TGFB1,ENSG00000105329_at,palate,3.0,10,17,9,1,115;117;122;126;132;147;150;153;155,0.2985291162222222,0.5301245756941017,-0.26135372799999956,1.445994828,6,3,0,0.2953792491941183
TGFB1,ENSG00000105329_at,palate,7.0,6,17,5,1,132;147;150;153;155,0.19810020359999997,0.4871146648366162,-0.5283534550000004,0.7306014090000001,3,2,0,0.21986828879411835
TGFB1,ENSG00000105329_at,skin,0.25,7,13,7,0,129;142;143;146;148;152;156,0.5851527554285714,0.3799279518067486,-0.2392324419999996,0.8888730699999998,6,1,0,0.420118104813187
TGFB1,ENSG00000105329_at,skin,1.0,10,13,8,2,126;129;140;142;143;146;152;156,1.0858662313749998,0.5587099374774893,0.44312478600000027,2.1258053189999995,8,0,0,1.0350760470846154
TGFB1,ENSG00000105329_at,skin,3.0,9,13,5,4,117;126;147;153;155,0.8265699420000001,0.6431431778048464,-0.06756608699999944,1.6485969969999994,4,1,0,0.6354206066068375
TGFB1,ENSG00000105329_at,skin,7.0,6,13,3,3,147;153;155,0.3840089890000001,0.2242737207288356,0.13894357700000004,0.5790393480000002,3,0,0,0.48165638721794846
TNF,ENSG00000232810_at,palate,0.25,6,17,6,0,129;140;142;143;152;156,0.6901382213333335,0.38405833563370106,0.431102267,1.427717715,6,0,0,0.6219176438725489
TNF,ENSG00000232810_at,palate,1.0,12,17,12,0,115;117;122;126;129;140;142;143;146;148;152;156,0.6905813475833334,0.44107433209008234,0.09306881799999989,1.8775148609999999,12,0,0,0.6736903584558824
TNF,ENSG00000232810_at,palate,3.0,10,17,9,1,115;117;122;126;132;147;150;153;155,0.23890090700000005,0.285945852340611,-0.17351651199999996,0.7025760229999998,6,3,0,0.2762413727058819
TNF,ENSG00000232810_at,palate,7.0,6,17,5,1,132;147;150;153;155,0.04693368100000015,0.20068833652438717,-0.18400377800000012,0.30564584200000056,3,2,0,0.11368320653921593
TNF,ENSG00000232810_at,skin,0.25,7,13,7,0,129;142;143;146;148;152;156,0.2189557880000001,0.4144169987618119,-0.5275672220000001,0.6868629350000006,6,1,0,0.11976987815384632
TNF,ENSG00000232810_at,skin,1.0,10,13,8,2,126;129;140;142;143;146;152;156,0.31173582987500015,0.23242961258030576,-0.10256350700000016,0.6194014409999999,7,1,0,0.22952919155384688
TNF,ENSG00000232810_at,skin,3.0,9,13,5,4,117;126;147;153;155,0.2336816724,0.27734266163840504,-0.00017378799999967498,0.6863238840000001,4,1,0,0.2820393778205128
TNF,ENSG00000232810_at,skin,7.0,6,13,3,3,147;153;155,0.12507222600000004,0.3929741526314857,-0.32839559299999976,0.36608505299999994,2,1,0,0.35211182582051315
VEGFA,ENSG00000112715_at,palate,0.25,6,17,6,0,129;140;142;143;152;156,1.0314266171666666,0.3448305256605849,0.7129055099999997,1.5539501319999998,6,0,0,1.1672592414411769
VEGFA,ENSG00000112715_at,palate,1.0,12,17,12,0,115;117;122;126;129;140;142;143;146;148;152;156,0.4250580522500001,0.5029737620038159,-0.31592061499999957,1.3271013060000003,8,4,0,0.43123944127450997
VEGFA,ENSG00000112715_at,palate,3.0,10,17,9,1,115;117;122;126;132;147;150;153;155,0.03163357377777744,0.3640064234374384,-0.38404546100000037,0.8641514099999998,4,5,0,-0.12395265855882354
VEGFA,ENSG00000112715_at,palate,7.0,6,17,5,1,132;147;150;153;155,-0.10791293360000029,0.35892105201430713,-0.5808237060000003,0.2965275409999997,2,3,0,-0.2186691670588239
VEGFA,ENSG00000112715_at,skin,0.25,7,13,7,0,129;142;143;146;148;152;156,2.435693925857142,0.43515255413123494,1.6205244799999994,2.9124667519999994,7,0,0,2.2239755431318677
VEGFA,ENSG00000112715_at,skin,1.0,10,13,8,2,126;129;140;142;143;146;152;156,0.6673437164999999,0.8701697322087102,-1.3440201649999999,1.416496972,7,1,0,0.8115458691461539
VEGFA,ENSG00000112715_at,skin,3.0,9,13,5,4,117;126;147;153;155,1.1226129838000003,0.43153254838989075,0.5500806640000002,1.7389299019999997,5,0,0,0.8931782997350428
VEGFA,ENSG00000112715_at,skin,7.0,6,13,3,3,147;153;155,0.9796134876666667,1.264917720387113,-0.2593699649999994,2.268961051,2,1,0,0.531146693012821
