gene,probe,tissue,day,subject,baseline_sample,post_sample,baseline_log2,post_log2,delta_log2
COL1A1,ENSG00000108821_at,palate,0.25,129,GSM6380513,GSM6380515,8.605461044,9.449097437,0.8436363930000006
COL1A1,ENSG00000108821_at,palate,0.25,140,GSM6380516,GSM6380518,8.938472468,8.164277191,-0.7741952770000005
COL1A1,ENSG00000108821_at,palate,0.25,142,GSM6380525,GSM6380527,9.410147512,8.597299604,-0.8128479080000002
COL1A1,ENSG00000108821_at,palate,0.25,143,GSM6380528,GSM6380530,8.473690581,9.677444719,1.2037541380000008
COL1A1,ENSG00000108821_at,palate,0.25,152,GSM6380546,GSM6380548,7.753920752,9.057893508,1.3039727559999994
COL1A1,ENSG00000108821_at,palate,0.25,156,GSM6380549,GSM6380551,8.454074446,10.38427274,1.9301982940000002
COL1A1,ENSG00000108821_at,palate,1.0,115,GSM6380491,GSM6380492,7.739389789,8.107046374,0.36765658499999976
COL1A1,ENSG00000108821_at,palate,1.0,117,GSM6380502,GSM6380503,7.027210275,8.628734303,1.601524028
COL1A1,ENSG00000108821_at,palate,1.0,122,GSM6380494,GSM6380495,7.173472359,6.963266576,-0.21020578300000015
COL1A1,ENSG00000108821_at,palate,1.0,126,GSM6380505,GSM6380506,8.498654923,8.909391217,0.41073629399999945
COL1A1,ENSG00000108821_at,palate,1.0,129,GSM6380513,GSM6380514,8.605461044,8.716641112,0.11118006799999947
COL1A1,ENSG00000108821_at,palate,1.0,140,GSM6380516,GSM6380517,8.938472468,7.56110224,-1.3773702280000002
COL1A1,ENSG00000108821_at,palate,1.0,142,GSM6380525,GSM6380526,9.410147512,9.037791545,-0.37235596700000073
COL1A1,ENSG00000108821_at,palate,1.0,143,GSM6380528,GSM6380529,8.473690581,9.213950786,0.7402602050000002
COL1A1,ENSG00000108821_at,palate,1.0,146,GSM6380536,GSM6380537,8.333643206,9.367875499,1.0342322930000005
COL1A1,ENSG00000108821_at,palate,1.0,148,GSM6380538,GSM6380539,7.891615705,8.021323831,0.1297081259999997
COL1A1,ENSG00000108821_at,palate,1.0,152,GSM6380546,GSM6380547,7.753920752,9.284454463,1.5305337109999995
COL1A1,ENSG00000108821_at,palate,1.0,156,GSM6380549,GSM6380550,8.454074446,8.128896293,-0.3251781529999995
COL1A1,ENSG00000108821_at,palate,3.0,115,GSM6380491,GSM6380493,7.739389789,7.811231471,0.07184168200000052
COL1A1,ENSG00000108821_at,palate,3.0,117,GSM6380502,GSM6380504,7.027210275,7.781398473,0.7541881980000005
COL1A1,ENSG00000108821_at,palate,3.0,122,GSM6380494,GSM6380496,7.173472359,9.176445095,2.0029727360000003
COL1A1,ENSG00000108821_at,palate,3.0,126,GSM6380505,GSM6380507,8.498654923,9.718369746,1.2197148230000003
COL1A1,ENSG00000108821_at,palate,3.0,132,GSM6380553,GSM6380554,8.842890163,9.275022821,0.43213265800000045
COL1A1,ENSG00000108821_at,palate,3.0,147,GSM6380559,GSM6380560,8.202946947,8.924643018,0.7216960710000002
COL1A1,ENSG00000108821_at,palate,3.0,150,GSM6380568,GSM6380569,7.04203612,7.571936451,0.5299003310000003
COL1A1,ENSG00000108821_at,palate,3.0,153,GSM6380574,GSM6380575,7.905537723,8.740045996,0.8345082729999991
COL1A1,ENSG00000108821_at,palate,3.0,155,GSM6380580,GSM6380581,8.489290147,8.868782497,0.3794923499999996
COL1A1,ENSG00000108821_at,palate,7.0,132,GSM6380553,GSM6380555,8.842890163,9.723867219,0.8809770560000008
COL1A1,ENSG00000108821_at,palate,7.0,147,GSM6380559,GSM6380561,8.202946947,8.608465728,0.4055187810000014
COL1A1,ENSG00000108821_at,palate,7.0,150,GSM6380568,GSM6380570,7.04203612,9.434180274,2.3921441539999995
COL1A1,ENSG00000108821_at,palate,7.0,153,GSM6380574,GSM6380576,7.905537723,10.29058389,2.3850461670000005
COL1A1,ENSG00000108821_at,palate,7.0,155,GSM6380580,GSM6380582,8.489290147,9.590758518,1.1014683709999993
COL1A1,ENSG00000108821_at,skin,0.25,129,GSM6380508,GSM6380510,7.289888872,6.669897583,-0.6199912889999997
COL1A1,ENSG00000108821_at,skin,0.25,142,GSM6380519,GSM6380521,8.214923422,8.915302657,0.7003792349999998
COL1A1,ENSG00000108821_at,skin,0.25,143,GSM6380522,GSM6380524,7.692809998,7.363542208,-0.3292677900000003
COL1A1,ENSG00000108821_at,skin,0.25,146,GSM6380531,GSM6380533,8.017461649,9.099286244,1.0818245950000005
COL1A1,ENSG00000108821_at,skin,0.25,148,GSM6380534,GSM6380535,7.42969309,8.004900098,0.5752070080000005
COL1A1,ENSG00000108821_at,skin,0.25,152,GSM6380540,GSM6380542,8.607313202,7.574118634,-1.0331945679999999
COL1A1,ENSG00000108821_at,skin,0.25,156,GSM6380543,GSM6380545,8.910551207,9.210636946,0.300085739
COL1A1,ENSG00000108821_at,skin,1.0,126,GSM6380499,GSM6380500,8.183979749,8.037613016,-0.1463667330000007
COL1A1,ENSG00000108821_at,skin,1.0,129,GSM6380508,GSM6380509,7.289888872,7.447993377,0.15810450500000073
COL1A1,ENSG00000108821_at,skin,1.0,140,GSM6380511,GSM6380512,7.747355771,7.516215109,-0.2311406619999996
COL1A1,ENSG00000108821_at,skin,1.0,142,GSM6380519,GSM6380520,8.214923422,8.854767373,0.6398439509999996
COL1A1,ENSG00000108821_at,skin,1.0,143,GSM6380522,GSM6380523,7.692809998,7.133283681,-0.5595263170000004
COL1A1,ENSG00000108821_at,skin,1.0,146,GSM6380531,GSM6380532,8.017461649,8.441554173,0.42409252400000064
COL1A1,ENSG00000108821_at,skin,1.0,152,GSM6380540,GSM6380541,8.607313202,8.240753058,-0.36656014400000103
COL1A1,ENSG00000108821_at,skin,1.0,156,GSM6380543,GSM6380544,8.910551207,8.600783909,-0.3097672979999988
COL1A1,ENSG00000108821_at,skin,3.0,117,GSM6380497,GSM6380498,7.713869305,8.550201065,0.8363317599999993
COL1A1,ENSG00000108821_at,skin,3.0,126,GSM6380499,GSM6380501,8.183979749,9.027222894,0.8432431449999989
COL1A1,ENSG00000108821_at,skin,3.0,147,GSM6380556,GSM6380557,8.009109306,8.265688872,0.256579566000001
COL1A1,ENSG00000108821_at,skin,3.0,153,GSM6380571,GSM6380572,6.856799802,8.011795642,1.1549958399999989
COL1A1,ENSG00000108821_at,skin,3.0,155,GSM6380577,GSM6380578,9.566627376,8.249656822,-1.3169705539999992
COL1A1,ENSG00000108821_at,skin,7.0,147,GSM6380556,GSM6380558,8.009109306,7.477891228,-0.5312180779999993
COL1A1,ENSG00000108821_at,skin,7.0,153,GSM6380571,GSM6380573,6.856799802,9.647804333,2.7910045309999996
COL1A1,ENSG00000108821_at,skin,7.0,155,GSM6380577,GSM6380579,9.566627376,9.108662159,-0.4579652169999999
COL3A1,ENSG00000168542_at,palate,0.25,129,GSM6380513,GSM6380515,11.67828372,11.61079758,-0.06748613999999975
COL3A1,ENSG00000168542_at,palate,0.25,140,GSM6380516,GSM6380518,12.18939771,10.18425958,-2.005138129999999
COL3A1,ENSG00000168542_at,palate,0.25,142,GSM6380525,GSM6380527,12.82528062,11.50042568,-1.3248549399999998
COL3A1,ENSG00000168542_at,palate,0.25,143,GSM6380528,GSM6380530,11.80672959,12.70375015,0.8970205599999996
COL3A1,ENSG00000168542_at,palate,0.25,152,GSM6380546,GSM6380548,10.53047903,11.68427661,1.153797579999999
COL3A1,ENSG00000168542_at,palate,0.25,156,GSM6380549,GSM6380551,11.78622825,13.09617088,1.30994263
COL3A1,ENSG00000168542_at,palate,1.0,115,GSM6380491,GSM6380492,11.51028856,11.36635225,-0.14393630999999907
COL3A1,ENSG00000168542_at,palate,1.0,117,GSM6380502,GSM6380503,11.03614007,11.64837167,0.6122315999999994
COL3A1,ENSG00000168542_at,palate,1.0,122,GSM6380494,GSM6380495,10.82925525,9.677547885,-1.151707365
COL3A1,ENSG00000168542_at,palate,1.0,126,GSM6380505,GSM6380506,11.78214135,11.27441196,-0.5077293899999997
COL3A1,ENSG00000168542_at,palate,1.0,129,GSM6380513,GSM6380514,11.67828372,11.093196,-0.5850877199999989
COL3A1,ENSG00000168542_at,palate,1.0,140,GSM6380516,GSM6380517,12.18939771,10.51951846,-1.6698792499999993
COL3A1,ENSG00000168542_at,palate,1.0,142,GSM6380525,GSM6380526,12.82528062,12.11270965,-0.7125709699999998
COL3A1,ENSG00000168542_at,palate,1.0,143,GSM6380528,GSM6380529,11.80672959,12.1633926,0.3566630100000001
COL3A1,ENSG00000168542_at,palate,1.0,146,GSM6380536,GSM6380537,11.59337798,11.88299784,0.2896198600000002
COL3A1,ENSG00000168542_at,palate,1.0,148,GSM6380538,GSM6380539,11.61788634,10.36276213,-1.25512421
COL3A1,ENSG00000168542_at,palate,1.0,152,GSM6380546,GSM6380547,10.53047903,11.90039469,1.3699156600000002
COL3A1,ENSG00000168542_at,palate,1.0,156,GSM6380549,GSM6380550,11.78622825,10.66233765,-1.123890600000001
COL3A1,ENSG00000168542_at,palate,3.0,115,GSM6380491,GSM6380493,11.51028856,11.99185201,0.4815634500000012
COL3A1,ENSG00000168542_at,palate,3.0,117,GSM6380502,GSM6380504,11.03614007,11.63313399,0.5969939199999992
COL3A1,ENSG00000168542_at,palate,3.0,122,GSM6380494,GSM6380496,10.82925525,11.95784511,1.12858986
COL3A1,ENSG00000168542_at,palate,3.0,126,GSM6380505,GSM6380507,11.78214135,12.73334551,0.9512041599999996
COL3A1,ENSG00000168542_at,palate,3.0,132,GSM6380553,GSM6380554,12.25491589,12.82084926,0.5659333699999998
COL3A1,ENSG00000168542_at,palate,3.0,147,GSM6380559,GSM6380560,11.41038361,12.72974599,1.3193623799999994
COL3A1,ENSG00000168542_at,palate,3.0,150,GSM6380568,GSM6380569,10.56457439,11.86350299,1.2989286
COL3A1,ENSG00000168542_at,palate,3.0,153,GSM6380574,GSM6380575,11.01614456,12.3986918,1.3825472399999992
COL3A1,ENSG00000168542_at,palate,3.0,155,GSM6380580,GSM6380581,12.24008694,12.1611264,-0.07896053999999886
COL3A1,ENSG00000168542_at,palate,7.0,132,GSM6380553,GSM6380555,12.25491589,13.75654085,1.501624960000001
COL3A1,ENSG00000168542_at,palate,7.0,147,GSM6380559,GSM6380561,11.41038361,13.00855075,1.5981671399999993
COL3A1,ENSG00000168542_at,palate,7.0,150,GSM6380568,GSM6380570,10.56457439,12.79959473,2.23502034
COL3A1,ENSG00000168542_at,palate,7.0,153,GSM6380574,GSM6380576,11.01614456,14.16129407,3.1451495099999995
COL3A1,ENSG00000168542_at,palate,7.0,155,GSM6380580,GSM6380582,12.24008694,13.35678064,1.1166937000000008
COL3A1,ENSG00000168542_at,skin,0.25,129,GSM6380508,GSM6380510,10.90362726,8.947504891,-1.956122369000001
COL3A1,ENSG00000168542_at,skin,0.25,142,GSM6380519,GSM6380521,11.5982708,11.82188902,0.22361822000000053
COL3A1,ENSG00000168542_at,skin,0.25,143,GSM6380522,GSM6380524,10.7035956,10.11074434,-0.5928512599999998
COL3A1,ENSG00000168542_at,skin,0.25,146,GSM6380531,GSM6380533,12.00114844,13.35321617,1.35206773
COL3A1,ENSG00000168542_at,skin,0.25,148,GSM6380534,GSM6380535,11.01224456,10.61967262,-0.39257193999999984
COL3A1,ENSG00000168542_at,skin,0.25,152,GSM6380540,GSM6380542,12.12882717,10.0704542,-2.058372969999999
COL3A1,ENSG00000168542_at,skin,0.25,156,GSM6380543,GSM6380545,12.27029346,12.26917268,-0.0011207799999990442
COL3A1,ENSG00000168542_at,skin,1.0,126,GSM6380499,GSM6380500,11.5468158,10.66580254,-0.8810132599999996
COL3A1,ENSG00000168542_at,skin,1.0,129,GSM6380508,GSM6380509,10.90362726,10.30482889,-0.5987983700000008
COL3A1,ENSG00000168542_at,skin,1.0,140,GSM6380511,GSM6380512,10.74446826,9.911003327,-0.8334649330000001
COL3A1,ENSG00000168542_at,skin,1.0,142,GSM6380519,GSM6380520,11.5982708,11.33061253,-0.2676582700000001
COL3A1,ENSG00000168542_at,skin,1.0,143,GSM6380522,GSM6380523,10.7035956,9.821848827,-0.8817467729999997
COL3A1,ENSG00000168542_at,skin,1.0,146,GSM6380531,GSM6380532,12.00114844,11.20186184,-0.7992866000000003
COL3A1,ENSG00000168542_at,skin,1.0,152,GSM6380540,GSM6380541,12.12882717,11.09312825,-1.0356989199999997
COL3A1,ENSG00000168542_at,skin,1.0,156,GSM6380543,GSM6380544,12.27029346,11.21600773,-1.0542857300000001
COL3A1,ENSG00000168542_at,skin,3.0,117,GSM6380497,GSM6380498,11.73069782,12.06514536,0.3344475400000011
COL3A1,ENSG00000168542_at,skin,3.0,126,GSM6380499,GSM6380501,11.5468158,12.0424466,0.4956308000000007
COL3A1,ENSG00000168542_at,skin,3.0,147,GSM6380556,GSM6380557,11.75220058,11.78621896,0.03401837999999913
COL3A1,ENSG00000168542_at,skin,3.0,153,GSM6380571,GSM6380572,10.59404381,11.63381299,1.0397691799999986
COL3A1,ENSG00000168542_at,skin,3.0,155,GSM6380577,GSM6380578,13.31458327,11.73509448,-1.5794887899999992
COL3A1,ENSG00000168542_at,skin,7.0,147,GSM6380556,GSM6380558,11.75220058,11.36135701,-0.3908435699999995
COL3A1,ENSG00000168542_at,skin,7.0,153,GSM6380571,GSM6380573,10.59404381,13.52479385,2.9307500399999995
COL3A1,ENSG00000168542_at,skin,7.0,155,GSM6380577,GSM6380579,13.31458327,13.17179921,-0.14278406000000032
COL4A1,ENSG00000187498_at,palate,0.25,129,GSM6380513,GSM6380515,6.404437356,7.984781892,1.5803445360000001
COL4A1,ENSG00000187498_at,palate,0.25,140,GSM6380516,GSM6380518,6.838215742,7.954035057,1.1158193149999995
COL4A1,ENSG00000187498_at,palate,0.25,142,GSM6380525,GSM6380527,7.596974636,7.989150114,0.3921754780000004
COL4A1,ENSG00000187498_at,palate,0.25,143,GSM6380528,GSM6380530,6.476300212,8.238313379,1.7620131669999992
COL4A1,ENSG00000187498_at,palate,0.25,152,GSM6380546,GSM6380548,6.555234452,8.548971869,1.993737417000001
COL4A1,ENSG00000187498_at,palate,0.25,156,GSM6380549,GSM6380551,6.709399569,9.816224733,3.106825164
COL4A1,ENSG00000187498_at,palate,1.0,115,GSM6380491,GSM6380492,6.396015086,8.415999916,2.0199848300000003
COL4A1,ENSG00000187498_at,palate,1.0,117,GSM6380502,GSM6380503,6.234973473,8.043110346,1.8081368730000005
COL4A1,ENSG00000187498_at,palate,1.0,122,GSM6380494,GSM6380495,5.748175298,8.45060901,2.7024337120000013
COL4A1,ENSG00000187498_at,palate,1.0,126,GSM6380505,GSM6380506,6.451139726,8.757771801,2.3066320750000004
COL4A1,ENSG00000187498_at,palate,1.0,129,GSM6380513,GSM6380514,6.404437356,9.02699326,2.6225559039999995
COL4A1,ENSG00000187498_at,palate,1.0,140,GSM6380516,GSM6380517,6.838215742,10.0332918,3.1950760580000006
COL4A1,ENSG00000187498_at,palate,1.0,142,GSM6380525,GSM6380526,7.596974636,8.750185698,1.1532110619999996
COL4A1,ENSG00000187498_at,palate,1.0,143,GSM6380528,GSM6380529,6.476300212,8.64896371,2.1726634980000004
COL4A1,ENSG00000187498_at,palate,1.0,146,GSM6380536,GSM6380537,6.927728784,9.464657456,2.5369286719999993
COL4A1,ENSG00000187498_at,palate,1.0,148,GSM6380538,GSM6380539,6.214385507,8.863733533,2.6493480259999993
COL4A1,ENSG00000187498_at,palate,1.0,152,GSM6380546,GSM6380547,6.555234452,9.952135403,3.396900951
COL4A1,ENSG00000187498_at,palate,1.0,156,GSM6380549,GSM6380550,6.709399569,9.249120298,2.539720728999999
COL4A1,ENSG00000187498_at,palate,3.0,115,GSM6380491,GSM6380493,6.396015086,8.769809494,2.373794408
COL4A1,ENSG00000187498_at,palate,3.0,117,GSM6380502,GSM6380504,6.234973473,8.279708585,2.0447351119999997
COL4A1,ENSG00000187498_at,palate,3.0,122,GSM6380494,GSM6380496,5.748175298,8.828723352,3.080548054000001
COL4A1,ENSG00000187498_at,palate,3.0,126,GSM6380505,GSM6380507,6.451139726,7.850699316,1.39955959
COL4A1,ENSG00000187498_at,palate,3.0,132,GSM6380553,GSM6380554,7.174505861,8.807546979,1.6330411179999995
COL4A1,ENSG00000187498_at,palate,3.0,147,GSM6380559,GSM6380560,6.400861626,9.669247975,3.268386348999999
COL4A1,ENSG00000187498_at,palate,3.0,150,GSM6380568,GSM6380569,5.937928784,7.784969561,1.8470407769999992
COL4A1,ENSG00000187498_at,palate,3.0,153,GSM6380574,GSM6380575,6.415603048,8.587290291,2.171687243
COL4A1,ENSG00000187498_at,palate,3.0,155,GSM6380580,GSM6380581,6.927736424,7.618111646,0.6903752220000001
COL4A1,ENSG00000187498_at,palate,7.0,132,GSM6380553,GSM6380555,7.174505861,9.21592682,2.041420959
COL4A1,ENSG00000187498_at,palate,7.0,147,GSM6380559,GSM6380561,6.400861626,9.040684791,2.639823165
COL4A1,ENSG00000187498_at,palate,7.0,150,GSM6380568,GSM6380570,5.937928784,6.94983152,1.0119027359999997
COL4A1,ENSG00000187498_at,palate,7.0,153,GSM6380574,GSM6380576,6.415603048,10.15311826,3.737515211999999
COL4A1,ENSG00000187498_at,palate,7.0,155,GSM6380580,GSM6380582,6.927736424,8.557363322,1.6296268980000006
COL4A1,ENSG00000187498_at,skin,0.25,129,GSM6380508,GSM6380510,6.857474122,7.750193223,0.892719101
COL4A1,ENSG00000187498_at,skin,0.25,142,GSM6380519,GSM6380521,7.349481453,8.213493298,0.8640118449999994
COL4A1,ENSG00000187498_at,skin,0.25,143,GSM6380522,GSM6380524,6.580417414,8.075092634,1.4946752200000004
COL4A1,ENSG00000187498_at,skin,0.25,146,GSM6380531,GSM6380533,6.942345002,7.690921914,0.7485769119999999
COL4A1,ENSG00000187498_at,skin,0.25,148,GSM6380534,GSM6380535,6.386147433,8.09364159,1.707494157000001
COL4A1,ENSG00000187498_at,skin,0.25,152,GSM6380540,GSM6380542,7.353415511,8.269445874,0.9160303630000008
COL4A1,ENSG00000187498_at,skin,0.25,156,GSM6380543,GSM6380545,7.630539676,8.503845467,0.8733057909999999
COL4A1,ENSG00000187498_at,skin,1.0,126,GSM6380499,GSM6380500,6.679102551,8.760366558,2.0812640069999997
COL4A1,ENSG00000187498_at,skin,1.0,129,GSM6380508,GSM6380509,6.857474122,8.227207615,1.3697334929999991
COL4A1,ENSG00000187498_at,skin,1.0,140,GSM6380511,GSM6380512,8.298509896,7.899924568,-0.39858532800000024
COL4A1,ENSG00000187498_at,skin,1.0,142,GSM6380519,GSM6380520,7.349481453,8.892196522,1.5427150690000007
COL4A1,ENSG00000187498_at,skin,1.0,143,GSM6380522,GSM6380523,6.580417414,8.009925239,1.429507824999999
COL4A1,ENSG00000187498_at,skin,1.0,146,GSM6380531,GSM6380532,6.942345002,8.450489942,1.508144940000001
COL4A1,ENSG00000187498_at,skin,1.0,152,GSM6380540,GSM6380541,7.353415511,8.302130306,0.9487147950000008
COL4A1,ENSG00000187498_at,skin,1.0,156,GSM6380543,GSM6380544,7.630539676,9.587738574,1.9571988979999997
COL4A1,ENSG00000187498_at,skin,3.0,117,GSM6380497,GSM6380498,6.833487794,9.703724389,2.8702365949999997
COL4A1,ENSG00000187498_at,skin,3.0,126,GSM6380499,GSM6380501,6.679102551,9.514837268,2.835734717000001
COL4A1,ENSG00000187498_at,skin,3.0,147,GSM6380556,GSM6380557,7.43876293,9.669968903,2.231205972999999
COL4A1,ENSG00000187498_at,skin,3.0,153,GSM6380571,GSM6380572,5.919354552,8.981550568,3.0621960159999997
COL4A1,ENSG00000187498_at,skin,3.0,155,GSM6380577,GSM6380578,8.646141504,8.628508588,-0.01763291599999839
COL4A1,ENSG00000187498_at,skin,7.0,147,GSM6380556,GSM6380558,7.43876293,8.665928254,1.2271653240000004
COL4A1,ENSG00000187498_at,skin,7.0,153,GSM6380571,GSM6380573,5.919354552,9.539654749,3.6203001970000006
COL4A1,ENSG00000187498_at,skin,7.0,155,GSM6380577,GSM6380579,8.646141504,9.259053774,0.6129122700000007
COL7A1,ENSG00000114270_at,palate,0.25,129,GSM6380513,GSM6380515,8.104880318,7.309753853,-0.7951264649999992
COL7A1,ENSG00000114270_at,palate,0.25,140,GSM6380516,GSM6380518,8.414657563,7.446834614,-0.9678229490000003
COL7A1,ENSG00000114270_at,palate,0.25,142,GSM6380525,GSM6380527,7.977569924,7.714769428,-0.26280049599999966
COL7A1,ENSG00000114270_at,palate,0.25,143,GSM6380528,GSM6380530,7.892457509,7.586775869,-0.30568163999999953
COL7A1,ENSG00000114270_at,palate,0.25,152,GSM6380546,GSM6380548,8.15282776,7.518634195,-0.6341935649999995
COL7A1,ENSG00000114270_at,palate,0.25,156,GSM6380549,GSM6380551,8.057526569,7.552103928,-0.505422641
COL7A1,ENSG00000114270_at,palate,1.0,115,GSM6380491,GSM6380492,8.013012069,6.891357637,-1.1216544320000006
COL7A1,ENSG00000114270_at,palate,1.0,117,GSM6380502,GSM6380503,7.176412144,6.705206875,-0.47120526900000037
COL7A1,ENSG00000114270_at,palate,1.0,122,GSM6380494,GSM6380495,8.354233881,7.734970023,-0.6192638580000009
COL7A1,ENSG00000114270_at,palate,1.0,126,GSM6380505,GSM6380506,8.606169588,7.58896746,-1.017202128
COL7A1,ENSG00000114270_at,palate,1.0,129,GSM6380513,GSM6380514,8.104880318,7.603256572,-0.501623745999999
COL7A1,ENSG00000114270_at,palate,1.0,140,GSM6380516,GSM6380517,8.414657563,7.075852408,-1.3388051550000002
COL7A1,ENSG00000114270_at,palate,1.0,142,GSM6380525,GSM6380526,7.977569924,7.586972675,-0.3905972489999998
COL7A1,ENSG00000114270_at,palate,1.0,143,GSM6380528,GSM6380529,7.892457509,7.495651014,-0.39680649499999987
COL7A1,ENSG00000114270_at,palate,1.0,146,GSM6380536,GSM6380537,7.677261558,7.30078,-0.37648155800000005
COL7A1,ENSG00000114270_at,palate,1.0,148,GSM6380538,GSM6380539,8.026745835,7.734141778,-0.29260405700000014
COL7A1,ENSG00000114270_at,palate,1.0,152,GSM6380546,GSM6380547,8.15282776,7.776272182,-0.3765555779999996
COL7A1,ENSG00000114270_at,palate,1.0,156,GSM6380549,GSM6380550,8.057526569,7.42948778,-0.6280387890000005
COL7A1,ENSG00000114270_at,palate,3.0,115,GSM6380491,GSM6380493,8.013012069,6.708257657,-1.3047544120000003
COL7A1,ENSG00000114270_at,palate,3.0,117,GSM6380502,GSM6380504,7.176412144,7.212530992,0.036118847999999204
COL7A1,ENSG00000114270_at,palate,3.0,122,GSM6380494,GSM6380496,8.354233881,8.352387765,-0.0018461160000011745
COL7A1,ENSG00000114270_at,palate,3.0,126,GSM6380505,GSM6380507,8.606169588,8.407514422,-0.198655166
COL7A1,ENSG00000114270_at,palate,3.0,132,GSM6380553,GSM6380554,8.077027214,8.195792374,0.11876516000000059
COL7A1,ENSG00000114270_at,palate,3.0,147,GSM6380559,GSM6380560,7.916743692,8.202559079,0.2858153870000004
COL7A1,ENSG00000114270_at,palate,3.0,150,GSM6380568,GSM6380569,7.931898948,6.951285868,-0.9806130799999995
COL7A1,ENSG00000114270_at,palate,3.0,153,GSM6380574,GSM6380575,8.599193635,8.393243103,-0.20595053200000102
COL7A1,ENSG00000114270_at,palate,3.0,155,GSM6380580,GSM6380581,8.183275389,8.41998125,0.23670586099999902
COL7A1,ENSG00000114270_at,palate,7.0,132,GSM6380553,GSM6380555,8.077027214,8.152629766,0.07560255200000121
COL7A1,ENSG00000114270_at,palate,7.0,147,GSM6380559,GSM6380561,7.916743692,8.506789192,0.5900454999999996
COL7A1,ENSG00000114270_at,palate,7.0,150,GSM6380568,GSM6380570,7.931898948,8.435688726,0.5037897780000007
COL7A1,ENSG00000114270_at,palate,7.0,153,GSM6380574,GSM6380576,8.599193635,9.25023202,0.6510383849999997
COL7A1,ENSG00000114270_at,palate,7.0,155,GSM6380580,GSM6380582,8.183275389,8.619239259,0.43596387000000014
COL7A1,ENSG00000114270_at,skin,0.25,129,GSM6380508,GSM6380510,8.224131193,6.752224423,-1.4719067699999995
COL7A1,ENSG00000114270_at,skin,0.25,142,GSM6380519,GSM6380521,8.110922512,7.440624139,-0.6702983730000005
COL7A1,ENSG00000114270_at,skin,0.25,143,GSM6380522,GSM6380524,8.092120644,6.904571762,-1.1875488819999998
COL7A1,ENSG00000114270_at,skin,0.25,146,GSM6380531,GSM6380533,7.068385463,6.160101313,-0.9082841500000001
COL7A1,ENSG00000114270_at,skin,0.25,148,GSM6380534,GSM6380535,7.76114049,6.569609185,-1.1915313049999998
COL7A1,ENSG00000114270_at,skin,0.25,152,GSM6380540,GSM6380542,8.138461166,6.776041144,-1.3624200220000011
COL7A1,ENSG00000114270_at,skin,0.25,156,GSM6380543,GSM6380545,8.05872696,7.402008952,-0.6567180079999995
COL7A1,ENSG00000114270_at,skin,1.0,126,GSM6380499,GSM6380500,7.892659123,7.01353159,-0.8791275329999992
COL7A1,ENSG00000114270_at,skin,1.0,129,GSM6380508,GSM6380509,8.224131193,6.738791941,-1.4853392520000002
COL7A1,ENSG00000114270_at,skin,1.0,140,GSM6380511,GSM6380512,7.042752409,6.406983928,-0.6357684810000004
COL7A1,ENSG00000114270_at,skin,1.0,142,GSM6380519,GSM6380520,8.110922512,6.652700135,-1.4582223770000002
COL7A1,ENSG00000114270_at,skin,1.0,143,GSM6380522,GSM6380523,8.092120644,6.17619112,-1.9159295239999992
COL7A1,ENSG00000114270_at,skin,1.0,146,GSM6380531,GSM6380532,7.068385463,6.27281788,-0.7955675830000004
COL7A1,ENSG00000114270_at,skin,1.0,152,GSM6380540,GSM6380541,8.138461166,7.302108587,-0.8363525790000006
COL7A1,ENSG00000114270_at,skin,1.0,156,GSM6380543,GSM6380544,8.05872696,6.38505429,-1.6736726699999993
COL7A1,ENSG00000114270_at,skin,3.0,117,GSM6380497,GSM6380498,6.611168555,7.946435177,1.3352666219999998
COL7A1,ENSG00000114270_at,skin,3.0,126,GSM6380499,GSM6380501,7.892659123,8.387801748,0.4951426249999997
COL7A1,ENSG00000114270_at,skin,3.0,147,GSM6380556,GSM6380557,7.546126981,7.300521017,-0.24560596399999923
COL7A1,ENSG00000114270_at,skin,3.0,153,GSM6380571,GSM6380572,7.777640987,7.463767913,-0.313873074
COL7A1,ENSG00000114270_at,skin,3.0,155,GSM6380577,GSM6380578,8.622809684,7.99248952,-0.6303201639999996
COL7A1,ENSG00000114270_at,skin,7.0,147,GSM6380556,GSM6380558,7.546126981,7.886249578,0.3401225970000006
COL7A1,ENSG00000114270_at,skin,7.0,153,GSM6380571,GSM6380573,7.777640987,8.810171433,1.0325304460000009
COL7A1,ENSG00000114270_at,skin,7.0,155,GSM6380577,GSM6380579,8.622809684,8.754065865,0.13125618099999947
DCN,ENSG00000011465_at,palate,0.25,129,GSM6380513,GSM6380515,9.44237099,8.965515395,-0.47685559499999997
DCN,ENSG00000011465_at,palate,0.25,140,GSM6380516,GSM6380518,9.569058642,8.352328054,-1.2167305880000008
DCN,ENSG00000011465_at,palate,0.25,142,GSM6380525,GSM6380527,9.925124673,9.523765557,-0.4013591159999983
DCN,ENSG00000011465_at,palate,0.25,143,GSM6380528,GSM6380530,9.497152542,9.370777747,-0.12637479500000026
DCN,ENSG00000011465_at,palate,0.25,152,GSM6380546,GSM6380548,9.211742727,9.143722968,-0.06801975900000024
DCN,ENSG00000011465_at,palate,0.25,156,GSM6380549,GSM6380551,9.3823052,9.864579978,0.48227477800000074
DCN,ENSG00000011465_at,palate,1.0,115,GSM6380491,GSM6380492,9.911434363,9.783648472,-0.12778589100000026
DCN,ENSG00000011465_at,palate,1.0,117,GSM6380502,GSM6380503,9.460307714,9.546304835,0.08599712100000012
DCN,ENSG00000011465_at,palate,1.0,122,GSM6380494,GSM6380495,9.772654427,8.862138905,-0.9105155220000007
DCN,ENSG00000011465_at,palate,1.0,126,GSM6380505,GSM6380506,9.34583986,9.300033825,-0.04580603500000002
DCN,ENSG00000011465_at,palate,1.0,129,GSM6380513,GSM6380514,9.44237099,9.601533869,0.15916287900000015
DCN,ENSG00000011465_at,palate,1.0,140,GSM6380516,GSM6380517,9.569058642,8.751266783,-0.8177918589999997
DCN,ENSG00000011465_at,palate,1.0,142,GSM6380525,GSM6380526,9.925124673,9.696641385,-0.22848328799999962
DCN,ENSG00000011465_at,palate,1.0,143,GSM6380528,GSM6380529,9.497152542,9.435483717,-0.06166882499999993
DCN,ENSG00000011465_at,palate,1.0,146,GSM6380536,GSM6380537,8.824362182,8.913164293,0.08880211099999968
DCN,ENSG00000011465_at,palate,1.0,148,GSM6380538,GSM6380539,9.985442887,8.829656935,-1.1557859520000004
DCN,ENSG00000011465_at,palate,1.0,152,GSM6380546,GSM6380547,9.211742727,9.308336092,0.0965933649999986
DCN,ENSG00000011465_at,palate,1.0,156,GSM6380549,GSM6380550,9.3823052,9.103681079,-0.278624121
DCN,ENSG00000011465_at,palate,3.0,115,GSM6380491,GSM6380493,9.911434363,9.929267831,0.017833468000000963
DCN,ENSG00000011465_at,palate,3.0,117,GSM6380502,GSM6380504,9.460307714,9.968007533,0.507699818999999
DCN,ENSG00000011465_at,palate,3.0,122,GSM6380494,GSM6380496,9.772654427,9.388341035,-0.38431339200000103
DCN,ENSG00000011465_at,palate,3.0,126,GSM6380505,GSM6380507,9.34583986,9.744953766,0.3991139060000002
DCN,ENSG00000011465_at,palate,3.0,132,GSM6380553,GSM6380554,9.919718388,10.23598454,0.31626615200000074
DCN,ENSG00000011465_at,palate,3.0,147,GSM6380559,GSM6380560,9.583169364,9.714607339,0.13143797500000076
DCN,ENSG00000011465_at,palate,3.0,150,GSM6380568,GSM6380569,9.190223763,9.829358517,0.6391347539999988
DCN,ENSG00000011465_at,palate,3.0,153,GSM6380574,GSM6380575,9.492634864,9.944720205,0.4520853410000001
DCN,ENSG00000011465_at,palate,3.0,155,GSM6380580,GSM6380581,9.898507746,10.00337471,0.10486696399999929
DCN,ENSG00000011465_at,palate,7.0,132,GSM6380553,GSM6380555,9.919718388,10.11655211,0.19683372200000093
DCN,ENSG00000011465_at,palate,7.0,147,GSM6380559,GSM6380561,9.583169364,9.993440606,0.4102712420000003
DCN,ENSG00000011465_at,palate,7.0,150,GSM6380568,GSM6380570,9.190223763,9.457446099,0.26722233599999967
DCN,ENSG00000011465_at,palate,7.0,153,GSM6380574,GSM6380576,9.492634864,10.32640267,0.8337678060000009
DCN,ENSG00000011465_at,palate,7.0,155,GSM6380580,GSM6380582,9.898507746,9.624124466,-0.27438328000000034
DCN,ENSG00000011465_at,skin,0.25,129,GSM6380508,GSM6380510,8.960577321,9.183440165,0.22286284399999978
DCN,ENSG00000011465_at,skin,0.25,142,GSM6380519,GSM6380521,8.33284374,9.699363149,1.3665194090000004
DCN,ENSG00000011465_at,skin,0.25,143,GSM6380522,GSM6380524,8.624099335,9.247357172,0.6232578369999988
DCN,ENSG00000011465_at,skin,0.25,146,GSM6380531,GSM6380533,8.969597638,9.94870412,0.9791064820000006
DCN,ENSG00000011465_at,skin,0.25,148,GSM6380534,GSM6380535,8.528881382,8.819761907,0.2908805250000004
DCN,ENSG00000011465_at,skin,0.25,152,GSM6380540,GSM6380542,9.14788083,8.793571674,-0.35430915599999935
DCN,ENSG00000011465_at,skin,0.25,156,GSM6380543,GSM6380545,9.13443892,9.67877979,0.544340870000001
DCN,ENSG00000011465_at,skin,1.0,126,GSM6380499,GSM6380500,8.283009288,8.119565275,-0.16344401300000122
DCN,ENSG00000011465_at,skin,1.0,129,GSM6380508,GSM6380509,8.960577321,8.47764241,-0.48293491100000097
DCN,ENSG00000011465_at,skin,1.0,140,GSM6380511,GSM6380512,9.41716699,7.947461308,-1.4697056819999998
DCN,ENSG00000011465_at,skin,1.0,142,GSM6380519,GSM6380520,8.33284374,9.330017617,0.9971738769999998
DCN,ENSG00000011465_at,skin,1.0,143,GSM6380522,GSM6380523,8.624099335,7.741705916,-0.8823934190000005
DCN,ENSG00000011465_at,skin,1.0,146,GSM6380531,GSM6380532,8.969597638,8.569061523,-0.4005361149999995
DCN,ENSG00000011465_at,skin,1.0,152,GSM6380540,GSM6380541,9.14788083,8.371536308,-0.7763445220000005
DCN,ENSG00000011465_at,skin,1.0,156,GSM6380543,GSM6380544,9.13443892,8.806909295,-0.3275296249999986
DCN,ENSG00000011465_at,skin,3.0,117,GSM6380497,GSM6380498,9.03263997,9.134851586,0.10221161599999995
DCN,ENSG00000011465_at,skin,3.0,126,GSM6380499,GSM6380501,8.283009288,8.639309823,0.35630053499999903
DCN,ENSG00000011465_at,skin,3.0,147,GSM6380556,GSM6380557,9.210560935,8.78981099,-0.42074994500000074
DCN,ENSG00000011465_at,skin,3.0,153,GSM6380571,GSM6380572,8.952183278,8.888523805,-0.06365947299999952
DCN,ENSG00000011465_at,skin,3.0,155,GSM6380577,GSM6380578,9.676756287,8.863802978,-0.8129533089999992
DCN,ENSG00000011465_at,skin,7.0,147,GSM6380556,GSM6380558,9.210560935,8.080525375,-1.1300355599999996
DCN,ENSG00000011465_at,skin,7.0,153,GSM6380571,GSM6380573,8.952183278,9.67757893,0.7253956519999996
DCN,ENSG00000011465_at,skin,7.0,155,GSM6380577,GSM6380579,9.676756287,9.307269867,-0.3694864199999994
FMOD,ENSG00000122176_at,palate,0.25,129,GSM6380513,GSM6380515,8.172368635,8.814364409,0.6419957739999997
FMOD,ENSG00000122176_at,palate,0.25,140,GSM6380516,GSM6380518,8.570428333,8.20129322,-0.36913511300000046
FMOD,ENSG00000122176_at,palate,0.25,142,GSM6380525,GSM6380527,9.313058999,8.410693352,-0.9023656470000017
FMOD,ENSG00000122176_at,palate,0.25,143,GSM6380528,GSM6380530,7.492723361,8.799245142,1.3065217809999998
FMOD,ENSG00000122176_at,palate,0.25,152,GSM6380546,GSM6380548,7.192326744,8.656943699,1.4646169549999994
FMOD,ENSG00000122176_at,palate,0.25,156,GSM6380549,GSM6380551,7.985538075,9.938262197,1.9527241220000002
FMOD,ENSG00000122176_at,palate,1.0,115,GSM6380491,GSM6380492,7.72849649,8.369668731,0.6411722410000005
FMOD,ENSG00000122176_at,palate,1.0,117,GSM6380502,GSM6380503,7.605401714,9.046047891,1.4406461770000005
FMOD,ENSG00000122176_at,palate,1.0,122,GSM6380494,GSM6380495,7.223874967,8.316778651,1.0929036839999995
FMOD,ENSG00000122176_at,palate,1.0,126,GSM6380505,GSM6380506,7.804712429,8.308336729,0.5036243000000002
FMOD,ENSG00000122176_at,palate,1.0,129,GSM6380513,GSM6380514,8.172368635,8.711329582,0.5389609469999996
FMOD,ENSG00000122176_at,palate,1.0,140,GSM6380516,GSM6380517,8.570428333,8.804729179,0.234300846
FMOD,ENSG00000122176_at,palate,1.0,142,GSM6380525,GSM6380526,9.313058999,9.132340518,-0.18071848100000132
FMOD,ENSG00000122176_at,palate,1.0,143,GSM6380528,GSM6380529,7.492723361,8.935512814,1.4427894530000005
FMOD,ENSG00000122176_at,palate,1.0,146,GSM6380536,GSM6380537,8.2740516,9.432125889,1.158074289
FMOD,ENSG00000122176_at,palate,1.0,148,GSM6380538,GSM6380539,7.614771509,8.121478454,0.5067069450000004
FMOD,ENSG00000122176_at,palate,1.0,152,GSM6380546,GSM6380547,7.192326744,9.257482884,2.06515614
FMOD,ENSG00000122176_at,palate,1.0,156,GSM6380549,GSM6380550,7.985538075,8.633732391,0.6481943160000005
FMOD,ENSG00000122176_at,palate,3.0,115,GSM6380491,GSM6380493,7.72849649,7.889102922,0.1606064319999998
FMOD,ENSG00000122176_at,palate,3.0,117,GSM6380502,GSM6380504,7.605401714,8.591614815,0.9862131009999997
FMOD,ENSG00000122176_at,palate,3.0,122,GSM6380494,GSM6380496,7.223874967,8.003280284,0.7794053170000002
FMOD,ENSG00000122176_at,palate,3.0,126,GSM6380505,GSM6380507,7.804712429,8.710514593,0.9058021639999989
FMOD,ENSG00000122176_at,palate,3.0,132,GSM6380553,GSM6380554,8.742346604,8.881863515,0.1395169109999994
FMOD,ENSG00000122176_at,palate,3.0,147,GSM6380559,GSM6380560,8.110407803,9.027972118,0.9175643149999999
FMOD,ENSG00000122176_at,palate,3.0,150,GSM6380568,GSM6380569,7.620421589,8.17820734,0.5577857509999999
FMOD,ENSG00000122176_at,palate,3.0,153,GSM6380574,GSM6380575,7.518682944,8.762288539,1.243605595
FMOD,ENSG00000122176_at,palate,3.0,155,GSM6380580,GSM6380581,8.397817644,8.284931088,-0.11288655599999942
FMOD,ENSG00000122176_at,palate,7.0,132,GSM6380553,GSM6380555,8.742346604,9.284620691,0.5422740870000009
FMOD,ENSG00000122176_at,palate,7.0,147,GSM6380559,GSM6380561,8.110407803,8.57362666,0.4632188570000011
FMOD,ENSG00000122176_at,palate,7.0,150,GSM6380568,GSM6380570,7.620421589,8.841121368,1.2206997789999994
FMOD,ENSG00000122176_at,palate,7.0,153,GSM6380574,GSM6380576,7.518682944,9.900544196,2.381861252
FMOD,ENSG00000122176_at,palate,7.0,155,GSM6380580,GSM6380582,8.397817644,8.704365901,0.3065482569999993
FMOD,ENSG00000122176_at,skin,0.25,129,GSM6380508,GSM6380510,7.187564273,6.812634469,-0.37492980399999976
FMOD,ENSG00000122176_at,skin,0.25,142,GSM6380519,GSM6380521,7.336531554,7.593231715,0.25670016100000037
FMOD,ENSG00000122176_at,skin,0.25,143,GSM6380522,GSM6380524,7.907984699,7.090416968,-0.8175677309999996
FMOD,ENSG00000122176_at,skin,0.25,146,GSM6380531,GSM6380533,7.741284739,7.830060205,0.08877546599999953
FMOD,ENSG00000122176_at,skin,0.25,148,GSM6380534,GSM6380535,7.017093021,7.211429989,0.194336968
FMOD,ENSG00000122176_at,skin,0.25,152,GSM6380540,GSM6380542,7.397074645,7.062095327,-0.33497931800000025
FMOD,ENSG00000122176_at,skin,0.25,156,GSM6380543,GSM6380545,7.791534613,7.495872075,-0.2956625379999993
FMOD,ENSG00000122176_at,skin,1.0,126,GSM6380499,GSM6380500,6.961826556,6.965962218,0.004135661999999485
FMOD,ENSG00000122176_at,skin,1.0,129,GSM6380508,GSM6380509,7.187564273,6.809975781,-0.3775884919999992
FMOD,ENSG00000122176_at,skin,1.0,140,GSM6380511,GSM6380512,7.699980944,7.090753075,-0.6092278689999997
FMOD,ENSG00000122176_at,skin,1.0,142,GSM6380519,GSM6380520,7.336531554,7.878335256,0.5418037020000002
FMOD,ENSG00000122176_at,skin,1.0,143,GSM6380522,GSM6380523,7.907984699,6.831370937,-1.076613762
FMOD,ENSG00000122176_at,skin,1.0,146,GSM6380531,GSM6380532,7.741284739,7.250781118,-0.4905036210000002
FMOD,ENSG00000122176_at,skin,1.0,152,GSM6380540,GSM6380541,7.397074645,6.939372033,-0.4577026120000003
FMOD,ENSG00000122176_at,skin,1.0,156,GSM6380543,GSM6380544,7.791534613,7.622469767,-0.1690648459999995
FMOD,ENSG00000122176_at,skin,3.0,117,GSM6380497,GSM6380498,7.523377304,8.378036296,0.8546589919999992
FMOD,ENSG00000122176_at,skin,3.0,126,GSM6380499,GSM6380501,6.961826556,7.807888341,0.8460617849999998
FMOD,ENSG00000122176_at,skin,3.0,147,GSM6380556,GSM6380557,7.670133341,7.840877749,0.17074440800000001
FMOD,ENSG00000122176_at,skin,3.0,153,GSM6380571,GSM6380572,7.554687668,7.79121334,0.23652567199999996
FMOD,ENSG00000122176_at,skin,3.0,155,GSM6380577,GSM6380578,8.802410602,7.587689321,-1.214721281
FMOD,ENSG00000122176_at,skin,7.0,147,GSM6380556,GSM6380558,7.670133341,7.071351232,-0.5987821090000001
FMOD,ENSG00000122176_at,skin,7.0,153,GSM6380571,GSM6380573,7.554687668,7.868683817,0.3139961490000003
FMOD,ENSG00000122176_at,skin,7.0,155,GSM6380577,GSM6380579,8.802410602,7.420719631,-1.3816909710000003
FN1,ENSG00000115414_at,palate,0.25,129,GSM6380513,GSM6380515,4.496735939,4.93329823,0.43656229100000044
FN1,ENSG00000115414_at,palate,0.25,140,GSM6380516,GSM6380518,4.421740369,4.510834707,0.08909433799999977
FN1,ENSG00000115414_at,palate,0.25,142,GSM6380525,GSM6380527,4.766915939,4.581565185,-0.18535075400000078
FN1,ENSG00000115414_at,palate,0.25,143,GSM6380528,GSM6380530,4.222774618,4.841804475,0.6190298570000001
FN1,ENSG00000115414_at,palate,0.25,152,GSM6380546,GSM6380548,4.285281486,4.79475474,0.5094732540000004
FN1,ENSG00000115414_at,palate,0.25,156,GSM6380549,GSM6380551,4.370185619,5.677891265,1.3077056460000005
FN1,ENSG00000115414_at,palate,1.0,115,GSM6380491,GSM6380492,4.362936259,4.527656763,0.16472050400000082
FN1,ENSG00000115414_at,palate,1.0,117,GSM6380502,GSM6380503,4.439203033,4.734636211,0.2954331779999997
FN1,ENSG00000115414_at,palate,1.0,122,GSM6380494,GSM6380495,4.235778475,4.494081656,0.2583031809999996
FN1,ENSG00000115414_at,palate,1.0,126,GSM6380505,GSM6380506,4.271166642,4.900400097,0.6292334550000005
FN1,ENSG00000115414_at,palate,1.0,129,GSM6380513,GSM6380514,4.496735939,5.064329637,0.5675936980000005
FN1,ENSG00000115414_at,palate,1.0,140,GSM6380516,GSM6380517,4.421740369,4.804995303,0.383254934
FN1,ENSG00000115414_at,palate,1.0,142,GSM6380525,GSM6380526,4.766915939,4.924082314,0.1571663749999992
FN1,ENSG00000115414_at,palate,1.0,143,GSM6380528,GSM6380529,4.222774618,4.900048058,0.6772734400000004
FN1,ENSG00000115414_at,palate,1.0,146,GSM6380536,GSM6380537,4.387667204,5.26185202,0.8741848159999996
FN1,ENSG00000115414_at,palate,1.0,148,GSM6380538,GSM6380539,4.418519172,4.726353345,0.3078341729999998
FN1,ENSG00000115414_at,palate,1.0,152,GSM6380546,GSM6380547,4.285281486,5.020538361,0.7352568750000001
FN1,ENSG00000115414_at,palate,1.0,156,GSM6380549,GSM6380550,4.370185619,4.784196409,0.41401078999999985
FN1,ENSG00000115414_at,palate,3.0,115,GSM6380491,GSM6380493,4.362936259,4.708967777,0.3460315180000002
FN1,ENSG00000115414_at,palate,3.0,117,GSM6380502,GSM6380504,4.439203033,4.44426182,0.005058787000000287
FN1,ENSG00000115414_at,palate,3.0,122,GSM6380494,GSM6380496,4.235778475,4.753920144,0.5181416690000002
FN1,ENSG00000115414_at,palate,3.0,126,GSM6380505,GSM6380507,4.271166642,4.904176988,0.6330103459999998
FN1,ENSG00000115414_at,palate,3.0,132,GSM6380553,GSM6380554,4.294891919,4.842478663,0.5475867439999993
FN1,ENSG00000115414_at,palate,3.0,147,GSM6380559,GSM6380560,4.228157279,4.97197322,0.7438159409999994
FN1,ENSG00000115414_at,palate,3.0,150,GSM6380568,GSM6380569,4.224156502,4.499080971,0.2749244690000001
FN1,ENSG00000115414_at,palate,3.0,153,GSM6380574,GSM6380575,4.316131377,4.762196483,0.4460651060000007
FN1,ENSG00000115414_at,palate,3.0,155,GSM6380580,GSM6380581,4.320239383,4.436953334,0.11671395100000037
FN1,ENSG00000115414_at,palate,7.0,132,GSM6380553,GSM6380555,4.294891919,5.199606562,0.9047146429999993
FN1,ENSG00000115414_at,palate,7.0,147,GSM6380559,GSM6380561,4.228157279,4.965489469,0.73733219
FN1,ENSG00000115414_at,palate,7.0,150,GSM6380568,GSM6380570,4.224156502,4.81289122,0.5887347180000004
FN1,ENSG00000115414_at,palate,7.0,153,GSM6380574,GSM6380576,4.316131377,5.585301645,1.2691702680000008
FN1,ENSG00000115414_at,palate,7.0,155,GSM6380580,GSM6380582,4.320239383,4.885273835,0.5650344519999999
FN1,ENSG00000115414_at,skin,0.25,129,GSM6380508,GSM6380510,4.561589417,4.968004286,0.4064148689999998
FN1,ENSG00000115414_at,skin,0.25,142,GSM6380519,GSM6380521,4.713521588,5.358016753,0.6444951650000004
FN1,ENSG00000115414_at,skin,0.25,143,GSM6380522,GSM6380524,4.892242884,5.135459096,0.2432162120000001
FN1,ENSG00000115414_at,skin,0.25,146,GSM6380531,GSM6380533,4.888161365,5.626351525,0.7381901599999994
FN1,ENSG00000115414_at,skin,0.25,148,GSM6380534,GSM6380535,4.524620256,4.784321878,0.2597016219999997
FN1,ENSG00000115414_at,skin,0.25,152,GSM6380540,GSM6380542,5.005872451,4.904077826,-0.10179462500000014
FN1,ENSG00000115414_at,skin,0.25,156,GSM6380543,GSM6380545,4.96960731,5.356767421,0.38716011100000003
FN1,ENSG00000115414_at,skin,1.0,126,GSM6380499,GSM6380500,4.601144488,4.572098473,-0.02904601500000048
FN1,ENSG00000115414_at,skin,1.0,129,GSM6380508,GSM6380509,4.561589417,4.602441532,0.040852114999999856
FN1,ENSG00000115414_at,skin,1.0,140,GSM6380511,GSM6380512,5.316971957,4.719128284,-0.5978436729999999
FN1,ENSG00000115414_at,skin,1.0,142,GSM6380519,GSM6380520,4.713521588,5.383942164,0.6704205759999997
FN1,ENSG00000115414_at,skin,1.0,143,GSM6380522,GSM6380523,4.892242884,4.925089852,0.03284696800000031
FN1,ENSG00000115414_at,skin,1.0,146,GSM6380531,GSM6380532,4.888161365,4.916840226,0.0286788609999995
FN1,ENSG00000115414_at,skin,1.0,152,GSM6380540,GSM6380541,5.005872451,4.67965269,-0.32621976099999994
FN1,ENSG00000115414_at,skin,1.0,156,GSM6380543,GSM6380544,4.96960731,5.324805431,0.3551981209999999
FN1,ENSG00000115414_at,skin,3.0,117,GSM6380497,GSM6380498,4.403774386,5.20513022,0.8013558339999998
FN1,ENSG00000115414_at,skin,3.0,126,GSM6380499,GSM6380501,4.601144488,5.084546083,0.48340159500000013
FN1,ENSG00000115414_at,skin,3.0,147,GSM6380556,GSM6380557,4.70178356,4.897067254,0.19528369400000045
FN1,ENSG00000115414_at,skin,3.0,153,GSM6380571,GSM6380572,4.392698292,4.770815621,0.3781173289999993
FN1,ENSG00000115414_at,skin,3.0,155,GSM6380577,GSM6380578,5.058996515,4.490304566,-0.5686919489999998
FN1,ENSG00000115414_at,skin,7.0,147,GSM6380556,GSM6380558,4.70178356,4.285452647,-0.41633091300000036
FN1,ENSG00000115414_at,skin,7.0,153,GSM6380571,GSM6380573,4.392698292,5.559840148,1.1671418559999998
FN1,ENSG00000115414_at,skin,7.0,155,GSM6380577,GSM6380579,5.058996515,4.89754783,-0.16144868499999987
IDO1,ENSG00000131203_at,palate,0.25,129,GSM6380513,GSM6380515,5.559274211,5.083746101,-0.47552810999999995
IDO1,ENSG00000131203_at,palate,0.25,140,GSM6380516,GSM6380518,6.038988893,5.006842044,-1.032146849
IDO1,ENSG00000131203_at,palate,0.25,142,GSM6380525,GSM6380527,5.194221119,5.503591858,0.3093707390000002
IDO1,ENSG00000131203_at,palate,0.25,143,GSM6380528,GSM6380530,5.264664372,4.92956825,-0.3350961220000004
IDO1,ENSG00000131203_at,palate,0.25,152,GSM6380546,GSM6380548,5.359870608,6.277904569,0.9180339610000008
IDO1,ENSG00000131203_at,palate,0.25,156,GSM6380549,GSM6380551,6.076052735,6.437079439,0.3610267039999995
IDO1,ENSG00000131203_at,palate,1.0,115,GSM6380491,GSM6380492,5.481410986,7.901973872,2.420562886
IDO1,ENSG00000131203_at,palate,1.0,117,GSM6380502,GSM6380503,5.705579293,5.853818227,0.1482389339999992
IDO1,ENSG00000131203_at,palate,1.0,122,GSM6380494,GSM6380495,4.988101075,7.79091124,2.8028101649999995
IDO1,ENSG00000131203_at,palate,1.0,126,GSM6380505,GSM6380506,5.15116998,6.204495424,1.0533254440000004
IDO1,ENSG00000131203_at,palate,1.0,129,GSM6380513,GSM6380514,5.559274211,9.485846756,3.926572545000001
IDO1,ENSG00000131203_at,palate,1.0,140,GSM6380516,GSM6380517,6.038988893,8.377650471,2.338661578000001
IDO1,ENSG00000131203_at,palate,1.0,142,GSM6380525,GSM6380526,5.194221119,6.287855545,1.0936344260000004
IDO1,ENSG00000131203_at,palate,1.0,143,GSM6380528,GSM6380529,5.264664372,6.267325578,1.002661206
IDO1,ENSG00000131203_at,palate,1.0,146,GSM6380536,GSM6380537,5.155397951,5.884701378,0.7293034269999996
IDO1,ENSG00000131203_at,palate,1.0,148,GSM6380538,GSM6380539,4.562842606,8.371015033,3.8081724270000006
IDO1,ENSG00000131203_at,palate,1.0,152,GSM6380546,GSM6380547,5.359870608,8.915244129,3.555373521
IDO1,ENSG00000131203_at,palate,1.0,156,GSM6380549,GSM6380550,6.076052735,7.089751828,1.0136990929999996
IDO1,ENSG00000131203_at,palate,3.0,115,GSM6380491,GSM6380493,5.481410986,5.726489074,0.24507808799999964
IDO1,ENSG00000131203_at,palate,3.0,117,GSM6380502,GSM6380504,5.705579293,5.653939395,-0.05163989800000035
IDO1,ENSG00000131203_at,palate,3.0,122,GSM6380494,GSM6380496,4.988101075,5.208125303,0.22002422799999977
IDO1,ENSG00000131203_at,palate,3.0,126,GSM6380505,GSM6380507,5.15116998,4.783131945,-0.36803803499999965
IDO1,ENSG00000131203_at,palate,3.0,132,GSM6380553,GSM6380554,4.774468055,4.909911194,0.13544313900000038
IDO1,ENSG00000131203_at,palate,3.0,147,GSM6380559,GSM6380560,5.022775502,5.1570814,0.13430589800000003
IDO1,ENSG00000131203_at,palate,3.0,150,GSM6380568,GSM6380569,5.021494325,5.075012497,0.05351817200000042
IDO1,ENSG00000131203_at,palate,3.0,153,GSM6380574,GSM6380575,5.275560166,6.016381919,0.7408217529999996
IDO1,ENSG00000131203_at,palate,3.0,155,GSM6380580,GSM6380581,5.565872452,4.602113656,-0.9637587959999996
IDO1,ENSG00000131203_at,palate,7.0,132,GSM6380553,GSM6380555,4.774468055,4.661766772,-0.11270128299999982
IDO1,ENSG00000131203_at,palate,7.0,147,GSM6380559,GSM6380561,5.022775502,5.411326231,0.3885507290000003
IDO1,ENSG00000131203_at,palate,7.0,150,GSM6380568,GSM6380570,5.021494325,4.516259204,-0.5052351210000001
IDO1,ENSG00000131203_at,palate,7.0,153,GSM6380574,GSM6380576,5.275560166,5.674520009,0.3989598430000001
IDO1,ENSG00000131203_at,palate,7.0,155,GSM6380580,GSM6380582,5.565872452,4.828315459,-0.7375569930000001
IDO1,ENSG00000131203_at,skin,0.25,129,GSM6380508,GSM6380510,5.255297274,5.800069344,0.5447720699999996
IDO1,ENSG00000131203_at,skin,0.25,142,GSM6380519,GSM6380521,4.849554842,5.110805925,0.26125108300000033
IDO1,ENSG00000131203_at,skin,0.25,143,GSM6380522,GSM6380524,5.400322767,6.349904337,0.9495815700000003
IDO1,ENSG00000131203_at,skin,0.25,146,GSM6380531,GSM6380533,4.916278285,4.783658635,-0.13261964999999964
IDO1,ENSG00000131203_at,skin,0.25,148,GSM6380534,GSM6380535,5.370345083,5.390182385,0.019837302
IDO1,ENSG00000131203_at,skin,0.25,152,GSM6380540,GSM6380542,5.179798858,6.046301489,0.8665026310000004
IDO1,ENSG00000131203_at,skin,0.25,156,GSM6380543,GSM6380545,5.817964808,5.471684177,-0.34628063099999995
IDO1,ENSG00000131203_at,skin,1.0,126,GSM6380499,GSM6380500,6.655514793,7.516122018,0.8606072249999999
IDO1,ENSG00000131203_at,skin,1.0,129,GSM6380508,GSM6380509,5.255297274,6.437917315,1.1826200409999998
IDO1,ENSG00000131203_at,skin,1.0,140,GSM6380511,GSM6380512,5.23815662,5.975834312,0.7376776920000001
IDO1,ENSG00000131203_at,skin,1.0,142,GSM6380519,GSM6380520,4.849554842,5.966352187,1.1167973450000002
IDO1,ENSG00000131203_at,skin,1.0,143,GSM6380522,GSM6380523,5.400322767,6.150316622,0.7499938550000005
IDO1,ENSG00000131203_at,skin,1.0,146,GSM6380531,GSM6380532,4.916278285,5.643461036,0.727182751
IDO1,ENSG00000131203_at,skin,1.0,152,GSM6380540,GSM6380541,5.179798858,6.233663858,1.053865
IDO1,ENSG00000131203_at,skin,1.0,156,GSM6380543,GSM6380544,5.817964808,6.734755979,0.9167911709999998
IDO1,ENSG00000131203_at,skin,3.0,117,GSM6380497,GSM6380498,5.896637938,6.439810137,0.5431721990000007
IDO1,ENSG00000131203_at,skin,3.0,126,GSM6380499,GSM6380501,6.655514793,6.35604693,-0.2994678630000003
IDO1,ENSG00000131203_at,skin,3.0,147,GSM6380556,GSM6380557,5.061587139,6.085403849,1.0238167100000002
IDO1,ENSG00000131203_at,skin,3.0,153,GSM6380571,GSM6380572,5.61280384,7.350941293,1.7381374530000002
IDO1,ENSG00000131203_at,skin,3.0,155,GSM6380577,GSM6380578,5.139775856,6.334683144,1.1949072880000005
IDO1,ENSG00000131203_at,skin,7.0,147,GSM6380556,GSM6380558,5.061587139,5.750264497,0.6886773579999996
IDO1,ENSG00000131203_at,skin,7.0,153,GSM6380571,GSM6380573,5.61280384,5.86760119,0.2547973500000005
IDO1,ENSG00000131203_at,skin,7.0,155,GSM6380577,GSM6380579,5.139775856,6.203372871,1.063597015
IL1B,ENSG00000125538_at,palate,0.25,129,GSM6380513,GSM6380515,6.288206773,8.694152426,2.4059456530000007
IL1B,ENSG00000125538_at,palate,0.25,140,GSM6380516,GSM6380518,7.113926006,10.01237319,2.898447184
IL1B,ENSG00000125538_at,palate,0.25,142,GSM6380525,GSM6380527,6.98560818,8.339255433,1.353647253
IL1B,ENSG00000125538_at,palate,0.25,143,GSM6380528,GSM6380530,7.135048313,8.437482095,1.3024337819999996
IL1B,ENSG00000125538_at,palate,0.25,152,GSM6380546,GSM6380548,7.017591437,9.516274997,2.49868356
IL1B,ENSG00000125538_at,palate,0.25,156,GSM6380549,GSM6380551,6.857211845,8.390467334,1.533255489
IL1B,ENSG00000125538_at,palate,1.0,115,GSM6380491,GSM6380492,7.013770102,8.777941771,1.7641716690000004
IL1B,ENSG00000125538_at,palate,1.0,117,GSM6380502,GSM6380503,8.021095712,9.845265451,1.8241697390000002
IL1B,ENSG00000125538_at,palate,1.0,122,GSM6380494,GSM6380495,7.267124387,11.38455256,4.1174281729999995
IL1B,ENSG00000125538_at,palate,1.0,126,GSM6380505,GSM6380506,6.352189637,8.126232453,1.7740428159999997
IL1B,ENSG00000125538_at,palate,1.0,129,GSM6380513,GSM6380514,6.288206773,6.859522747,0.571315974
IL1B,ENSG00000125538_at,palate,1.0,140,GSM6380516,GSM6380517,7.113926006,11.55825816,4.444332154
IL1B,ENSG00000125538_at,palate,1.0,142,GSM6380525,GSM6380526,6.98560818,10.48537955,3.4997713699999995
IL1B,ENSG00000125538_at,palate,1.0,143,GSM6380528,GSM6380529,7.135048313,8.546599148,1.411550835
IL1B,ENSG00000125538_at,palate,1.0,146,GSM6380536,GSM6380537,6.827087428,8.463348561,1.6362611330000005
IL1B,ENSG00000125538_at,palate,1.0,148,GSM6380538,GSM6380539,7.066140165,12.20262502,5.136484854999999
IL1B,ENSG00000125538_at,palate,1.0,152,GSM6380546,GSM6380547,7.017591437,11.38084037,4.3632489329999995
IL1B,ENSG00000125538_at,palate,1.0,156,GSM6380549,GSM6380550,6.857211845,9.104748303,2.247536457999999
IL1B,ENSG00000125538_at,palate,3.0,115,GSM6380491,GSM6380493,7.013770102,9.309456824,2.295686722
IL1B,ENSG00000125538_at,palate,3.0,117,GSM6380502,GSM6380504,8.021095712,7.827240906,-0.19385480599999916
IL1B,ENSG00000125538_at,palate,3.0,122,GSM6380494,GSM6380496,7.267124387,8.067506983,0.8003825959999995
IL1B,ENSG00000125538_at,palate,3.0,126,GSM6380505,GSM6380507,6.352189637,6.43533474,0.08314510299999966
IL1B,ENSG00000125538_at,palate,3.0,132,GSM6380553,GSM6380554,6.989625599,7.739604177,0.7499785780000003
IL1B,ENSG00000125538_at,palate,3.0,147,GSM6380559,GSM6380560,7.684183316,8.142862512,0.4586791960000003
IL1B,ENSG00000125538_at,palate,3.0,150,GSM6380568,GSM6380569,7.25269534,6.950197544,-0.30249779599999993
IL1B,ENSG00000125538_at,palate,3.0,153,GSM6380574,GSM6380575,6.913591282,7.769013216,0.8554219340000007
IL1B,ENSG00000125538_at,palate,3.0,155,GSM6380580,GSM6380581,6.512061897,6.650379027,0.1383171299999999
IL1B,ENSG00000125538_at,palate,7.0,132,GSM6380553,GSM6380555,6.989625599,7.214500613,0.2248750140000002
IL1B,ENSG00000125538_at,palate,7.0,147,GSM6380559,GSM6380561,7.684183316,7.794133536,0.10995021999999999
IL1B,ENSG00000125538_at,palate,7.0,150,GSM6380568,GSM6380570,7.25269534,6.250872379,-1.0018229610000002
IL1B,ENSG00000125538_at,palate,7.0,153,GSM6380574,GSM6380576,6.913591282,6.6894189,-0.2241723819999999
IL1B,ENSG00000125538_at,palate,7.0,155,GSM6380580,GSM6380582,6.512061897,6.910761922,0.3987000250000001
IL1B,ENSG00000125538_at,skin,0.25,129,GSM6380508,GSM6380510,5.614546078,7.517924358,1.90337828
IL1B,ENSG00000125538_at,skin,0.25,142,GSM6380519,GSM6380521,6.1018508,7.751337433,1.6494866329999995
IL1B,ENSG00000125538_at,skin,0.25,143,GSM6380522,GSM6380524,5.696299055,8.005857513,2.3095584580000006
IL1B,ENSG00000125538_at,skin,0.25,146,GSM6380531,GSM6380533,5.648575241,6.204979524,0.556404283
IL1B,ENSG00000125538_at,skin,0.25,148,GSM6380534,GSM6380535,5.463771335,7.550788291,2.0870169560000003
IL1B,ENSG00000125538_at,skin,0.25,152,GSM6380540,GSM6380542,6.141787568,7.169347152,1.0275595840000005
IL1B,ENSG00000125538_at,skin,0.25,156,GSM6380543,GSM6380545,7.223341897,8.237630164,1.0142882670000004
IL1B,ENSG00000125538_at,skin,1.0,126,GSM6380499,GSM6380500,5.388174259,7.138871068,1.750696809
IL1B,ENSG00000125538_at,skin,1.0,129,GSM6380508,GSM6380509,5.614546078,6.40786842,0.7933223419999997
IL1B,ENSG00000125538_at,skin,1.0,140,GSM6380511,GSM6380512,7.064167974,6.979646127,-0.08452184700000043
IL1B,ENSG00000125538_at,skin,1.0,142,GSM6380519,GSM6380520,6.1018508,6.868341124,0.7664903239999994
IL1B,ENSG00000125538_at,skin,1.0,143,GSM6380522,GSM6380523,5.696299055,7.748981229,2.052682174
IL1B,ENSG00000125538_at,skin,1.0,146,GSM6380531,GSM6380532,5.648575241,7.325822579,1.677247338
IL1B,ENSG00000125538_at,skin,1.0,152,GSM6380540,GSM6380541,6.141787568,5.859149142,-0.2826384260000001
IL1B,ENSG00000125538_at,skin,1.0,156,GSM6380543,GSM6380544,7.223341897,8.264877926,1.0415360290000004
IL1B,ENSG00000125538_at,skin,3.0,117,GSM6380497,GSM6380498,6.643074388,8.095779635,1.452705247
IL1B,ENSG00000125538_at,skin,3.0,126,GSM6380499,GSM6380501,5.388174259,8.929440564,3.5412663049999997
IL1B,ENSG00000125538_at,skin,3.0,147,GSM6380556,GSM6380557,5.3974593,9.235640708,3.8381814079999996
IL1B,ENSG00000125538_at,skin,3.0,153,GSM6380571,GSM6380572,5.794832783,7.379377131,1.5845443479999997
IL1B,ENSG00000125538_at,skin,3.0,155,GSM6380577,GSM6380578,6.733093928,9.861367516,3.128273588
IL1B,ENSG00000125538_at,skin,7.0,147,GSM6380556,GSM6380558,5.3974593,10.43000871,5.032549409999999
IL1B,ENSG00000125538_at,skin,7.0,153,GSM6380571,GSM6380573,5.794832783,6.161275601,0.36644281799999945
IL1B,ENSG00000125538_at,skin,7.0,155,GSM6380577,GSM6380579,6.733093928,6.114809124,-0.618284804
IL6,ENSG00000136244_at,palate,0.25,129,GSM6380513,GSM6380515,4.737643427,8.921740771,4.1840973439999996
IL6,ENSG00000136244_at,palate,0.25,140,GSM6380516,GSM6380518,4.571321966,10.43549426,5.864172294
IL6,ENSG00000136244_at,palate,0.25,142,GSM6380525,GSM6380527,4.717915715,8.770878387,4.052962672
IL6,ENSG00000136244_at,palate,0.25,143,GSM6380528,GSM6380530,4.25669298,8.119230864,3.862537884
IL6,ENSG00000136244_at,palate,0.25,152,GSM6380546,GSM6380548,4.887041407,9.075184644,4.188143237
IL6,ENSG00000136244_at,palate,0.25,156,GSM6380549,GSM6380551,4.957481134,10.89158235,5.934101216
IL6,ENSG00000136244_at,palate,1.0,115,GSM6380491,GSM6380492,4.619597511,7.157607953,2.538010442
IL6,ENSG00000136244_at,palate,1.0,117,GSM6380502,GSM6380503,4.796105981,10.93118364,6.135077659
IL6,ENSG00000136244_at,palate,1.0,122,GSM6380494,GSM6380495,4.666086469,8.545007862,3.8789213930000006
IL6,ENSG00000136244_at,palate,1.0,126,GSM6380505,GSM6380506,4.718647079,6.144226286,1.4255792070000002
IL6,ENSG00000136244_at,palate,1.0,129,GSM6380513,GSM6380514,4.737643427,6.1805398,1.442896373
IL6,ENSG00000136244_at,palate,1.0,140,GSM6380516,GSM6380517,4.571321966,9.998697028,5.427375062
IL6,ENSG00000136244_at,palate,1.0,142,GSM6380525,GSM6380526,4.717915715,10.11164912,5.393733404999999
IL6,ENSG00000136244_at,palate,1.0,143,GSM6380528,GSM6380529,4.25669298,6.641048503,2.384355523
IL6,ENSG00000136244_at,palate,1.0,146,GSM6380536,GSM6380537,4.263775952,7.277168754,3.0133928020000003
IL6,ENSG00000136244_at,palate,1.0,148,GSM6380538,GSM6380539,4.450112954,10.44727738,5.997164425999999
IL6,ENSG00000136244_at,palate,1.0,152,GSM6380546,GSM6380547,4.887041407,10.85470218,5.967660773
IL6,ENSG00000136244_at,palate,1.0,156,GSM6380549,GSM6380550,4.957481134,8.459972947,3.5024918130000007
IL6,ENSG00000136244_at,palate,3.0,115,GSM6380491,GSM6380493,4.619597511,5.077678505,0.45808099399999946
IL6,ENSG00000136244_at,palate,3.0,117,GSM6380502,GSM6380504,4.796105981,5.460888007,0.6647820260000001
IL6,ENSG00000136244_at,palate,3.0,122,GSM6380494,GSM6380496,4.666086469,4.44810124,-0.21798522899999995
IL6,ENSG00000136244_at,palate,3.0,126,GSM6380505,GSM6380507,4.718647079,4.224281345,-0.4943657340000005
IL6,ENSG00000136244_at,palate,3.0,132,GSM6380553,GSM6380554,4.108045609,5.063702339,0.9556567299999994
IL6,ENSG00000136244_at,palate,3.0,147,GSM6380559,GSM6380560,4.832305119,4.888787477,0.05648235800000023
IL6,ENSG00000136244_at,palate,3.0,150,GSM6380568,GSM6380569,4.566476493,3.96128841,-0.6051880829999998
IL6,ENSG00000136244_at,palate,3.0,153,GSM6380574,GSM6380575,4.491731737,4.245354185,-0.24637755200000022
IL6,ENSG00000136244_at,palate,3.0,155,GSM6380580,GSM6380581,4.43305486,3.956154964,-0.4768998960000004
IL6,ENSG00000136244_at,palate,7.0,132,GSM6380553,GSM6380555,4.108045609,4.030390377,-0.07765523200000057
IL6,ENSG00000136244_at,palate,7.0,147,GSM6380559,GSM6380561,4.832305119,4.4654447,-0.366860419
IL6,ENSG00000136244_at,palate,7.0,150,GSM6380568,GSM6380570,4.566476493,4.554880396,-0.011596096999999972
IL6,ENSG00000136244_at,palate,7.0,153,GSM6380574,GSM6380576,4.491731737,4.02980044,-0.46193129700000046
IL6,ENSG00000136244_at,palate,7.0,155,GSM6380580,GSM6380582,4.43305486,3.643112713,-0.7899421470000005
IL6,ENSG00000136244_at,skin,0.25,129,GSM6380508,GSM6380510,4.52594113,8.49922339,3.9732822599999995
IL6,ENSG00000136244_at,skin,0.25,142,GSM6380519,GSM6380521,4.397378497,8.629616946,4.2322384490000005
IL6,ENSG00000136244_at,skin,0.25,143,GSM6380522,GSM6380524,4.397602329,9.395719544,4.998117215000001
IL6,ENSG00000136244_at,skin,0.25,146,GSM6380531,GSM6380533,4.432388273,5.638497901,1.206109628
IL6,ENSG00000136244_at,skin,0.25,148,GSM6380534,GSM6380535,4.763282635,8.685562111,3.922279475999999
IL6,ENSG00000136244_at,skin,0.25,152,GSM6380540,GSM6380542,4.571900333,8.267857721,3.695957388
IL6,ENSG00000136244_at,skin,0.25,156,GSM6380543,GSM6380545,5.97666034,9.630566362,3.653906022
IL6,ENSG00000136244_at,skin,1.0,126,GSM6380499,GSM6380500,4.307708413,6.302157011,1.994448598
IL6,ENSG00000136244_at,skin,1.0,129,GSM6380508,GSM6380509,4.52594113,5.727276485,1.2013353550000003
IL6,ENSG00000136244_at,skin,1.0,140,GSM6380511,GSM6380512,8.253124435,5.389827379,-2.8632970560000004
IL6,ENSG00000136244_at,skin,1.0,142,GSM6380519,GSM6380520,4.397378497,5.529295813,1.131917316
IL6,ENSG00000136244_at,skin,1.0,143,GSM6380522,GSM6380523,4.397602329,6.321890662,1.9242883330000007
IL6,ENSG00000136244_at,skin,1.0,146,GSM6380531,GSM6380532,4.432388273,6.652139256,2.219750983
IL6,ENSG00000136244_at,skin,1.0,152,GSM6380540,GSM6380541,4.571900333,4.42630281,-0.14559752300000017
IL6,ENSG00000136244_at,skin,1.0,156,GSM6380543,GSM6380544,5.97666034,7.339195805,1.3625354650000006
IL6,ENSG00000136244_at,skin,3.0,117,GSM6380497,GSM6380498,4.578341979,5.890308835,1.3119668559999997
IL6,ENSG00000136244_at,skin,3.0,126,GSM6380499,GSM6380501,4.307708413,4.518037208,0.21032879499999968
IL6,ENSG00000136244_at,skin,3.0,147,GSM6380556,GSM6380557,4.264330831,6.111189624,1.846858793
IL6,ENSG00000136244_at,skin,3.0,153,GSM6380571,GSM6380572,4.028897119,5.61816868,1.5892715610000003
IL6,ENSG00000136244_at,skin,3.0,155,GSM6380577,GSM6380578,3.896306412,5.448962418,1.5526560059999999
IL6,ENSG00000136244_at,skin,7.0,147,GSM6380556,GSM6380558,4.264330831,4.889940749,0.6256099180000003
IL6,ENSG00000136244_at,skin,7.0,153,GSM6380571,GSM6380573,4.028897119,4.631789513,0.6028923940000004
IL6,ENSG00000136244_at,skin,7.0,155,GSM6380577,GSM6380579,3.896306412,4.053924176,0.15761776399999983
LAMA3,ENSG00000053747_at,palate,0.25,129,GSM6380513,GSM6380515,4.93487819,4.755794887,-0.17908330299999964
LAMA3,ENSG00000053747_at,palate,0.25,140,GSM6380516,GSM6380518,4.801717262,4.86588419,0.06416692799999968
LAMA3,ENSG00000053747_at,palate,0.25,142,GSM6380525,GSM6380527,4.817835728,4.868110369,0.050274640999999676
LAMA3,ENSG00000053747_at,palate,0.25,143,GSM6380528,GSM6380530,4.785725295,4.839558864,0.053833569000000026
LAMA3,ENSG00000053747_at,palate,0.25,152,GSM6380546,GSM6380548,4.83119318,4.957163525,0.1259703450000007
LAMA3,ENSG00000053747_at,palate,0.25,156,GSM6380549,GSM6380551,4.832445738,5.049802238,0.21735650000000017
LAMA3,ENSG00000053747_at,palate,1.0,115,GSM6380491,GSM6380492,4.898793241,5.007171017,0.1083777760000002
LAMA3,ENSG00000053747_at,palate,1.0,117,GSM6380502,GSM6380503,4.92019174,4.79193254,-0.12825919999999957
LAMA3,ENSG00000053747_at,palate,1.0,122,GSM6380494,GSM6380495,4.877317726,4.955046182,0.077728456
LAMA3,ENSG00000053747_at,palate,1.0,126,GSM6380505,GSM6380506,4.869154375,4.874650871,0.005496496000000128
LAMA3,ENSG00000053747_at,palate,1.0,129,GSM6380513,GSM6380514,4.93487819,5.364882019,0.43000382900000034
LAMA3,ENSG00000053747_at,palate,1.0,140,GSM6380516,GSM6380517,4.801717262,4.968978241,0.16726097899999992
LAMA3,ENSG00000053747_at,palate,1.0,142,GSM6380525,GSM6380526,4.817835728,5.232971067,0.4151353389999999
LAMA3,ENSG00000053747_at,palate,1.0,143,GSM6380528,GSM6380529,4.785725295,5.047937007,0.26221171200000004
LAMA3,ENSG00000053747_at,palate,1.0,146,GSM6380536,GSM6380537,4.898095438,5.186094073,0.2879986349999992
LAMA3,ENSG00000053747_at,palate,1.0,148,GSM6380538,GSM6380539,4.866236744,5.064682715,0.19844597099999994
LAMA3,ENSG00000053747_at,palate,1.0,152,GSM6380546,GSM6380547,4.83119318,5.071891671,0.24069849100000074
LAMA3,ENSG00000053747_at,palate,1.0,156,GSM6380549,GSM6380550,4.832445738,4.893269391,0.06082365299999992
LAMA3,ENSG00000053747_at,palate,3.0,115,GSM6380491,GSM6380493,4.898793241,5.042831815,0.14403857400000053
LAMA3,ENSG00000053747_at,palate,3.0,117,GSM6380502,GSM6380504,4.92019174,5.041748784,0.12155704400000023
LAMA3,ENSG00000053747_at,palate,3.0,122,GSM6380494,GSM6380496,4.877317726,4.988470636,0.1111529099999995
LAMA3,ENSG00000053747_at,palate,3.0,126,GSM6380505,GSM6380507,4.869154375,4.910192481,0.04103810600000024
LAMA3,ENSG00000053747_at,palate,3.0,132,GSM6380553,GSM6380554,4.942300468,5.030140806,0.08784033800000035
LAMA3,ENSG00000053747_at,palate,3.0,147,GSM6380559,GSM6380560,5.01537781,5.096271156,0.08089334599999987
LAMA3,ENSG00000053747_at,palate,3.0,150,GSM6380568,GSM6380569,4.671237916,4.716366271,0.04512835500000012
LAMA3,ENSG00000053747_at,palate,3.0,153,GSM6380574,GSM6380575,4.991563762,5.046217715,0.054653952999999866
LAMA3,ENSG00000053747_at,palate,3.0,155,GSM6380580,GSM6380581,5.0014332,4.985830976,-0.01560222400000022
LAMA3,ENSG00000053747_at,palate,7.0,132,GSM6380553,GSM6380555,4.942300468,4.977135382,0.03483491400000016
LAMA3,ENSG00000053747_at,palate,7.0,147,GSM6380559,GSM6380561,5.01537781,5.156930426,0.14155261599999935
LAMA3,ENSG00000053747_at,palate,7.0,150,GSM6380568,GSM6380570,4.671237916,4.746816447,0.07557853099999967
LAMA3,ENSG00000053747_at,palate,7.0,153,GSM6380574,GSM6380576,4.991563762,5.009236517,0.01767275499999954
LAMA3,ENSG00000053747_at,palate,7.0,155,GSM6380580,GSM6380582,5.0014332,4.725683818,-0.2757493819999999
LAMA3,ENSG00000053747_at,skin,0.25,129,GSM6380508,GSM6380510,4.67015457,4.917728654,0.24757408400000003
LAMA3,ENSG00000053747_at,skin,0.25,142,GSM6380519,GSM6380521,4.726350274,4.756286446,0.029936172000000205
LAMA3,ENSG00000053747_at,skin,0.25,143,GSM6380522,GSM6380524,4.634635756,4.89484959,0.260213834
LAMA3,ENSG00000053747_at,skin,0.25,146,GSM6380531,GSM6380533,4.553108376,4.740124372,0.1870159960000004
LAMA3,ENSG00000053747_at,skin,0.25,148,GSM6380534,GSM6380535,4.312235604,4.783973295,0.4717376910000004
LAMA3,ENSG00000053747_at,skin,0.25,152,GSM6380540,GSM6380542,4.667371285,4.714729417,0.047358132000000275
LAMA3,ENSG00000053747_at,skin,0.25,156,GSM6380543,GSM6380545,4.56199358,4.674968804,0.11297522399999949
LAMA3,ENSG00000053747_at,skin,1.0,126,GSM6380499,GSM6380500,4.544963252,5.071577,0.5266137479999999
LAMA3,ENSG00000053747_at,skin,1.0,129,GSM6380508,GSM6380509,4.67015457,4.967468356,0.29731378600000014
LAMA3,ENSG00000053747_at,skin,1.0,140,GSM6380511,GSM6380512,4.731641199,4.953265296,0.2216240969999994
LAMA3,ENSG00000053747_at,skin,1.0,142,GSM6380519,GSM6380520,4.726350274,5.024583384,0.29823310999999997
LAMA3,ENSG00000053747_at,skin,1.0,143,GSM6380522,GSM6380523,4.634635756,5.268477861,0.6338421050000003
LAMA3,ENSG00000053747_at,skin,1.0,146,GSM6380531,GSM6380532,4.553108376,4.965793148,0.4126847720000004
LAMA3,ENSG00000053747_at,skin,1.0,152,GSM6380540,GSM6380541,4.667371285,4.968204853,0.30083356799999983
LAMA3,ENSG00000053747_at,skin,1.0,156,GSM6380543,GSM6380544,4.56199358,4.880716904,0.3187233239999996
LAMA3,ENSG00000053747_at,skin,3.0,117,GSM6380497,GSM6380498,4.600528451,5.035904904,0.43537645299999994
LAMA3,ENSG00000053747_at,skin,3.0,126,GSM6380499,GSM6380501,4.544963252,4.976640718,0.431677466
LAMA3,ENSG00000053747_at,skin,3.0,147,GSM6380556,GSM6380557,4.608082041,4.929515338,0.32143329699999956
LAMA3,ENSG00000053747_at,skin,3.0,153,GSM6380571,GSM6380572,4.787369308,5.034300873,0.24693156500000057
LAMA3,ENSG00000053747_at,skin,3.0,155,GSM6380577,GSM6380578,4.812464015,4.863134391,0.05067037600000024
LAMA3,ENSG00000053747_at,skin,7.0,147,GSM6380556,GSM6380558,4.608082041,5.036381919,0.4282998779999998
LAMA3,ENSG00000053747_at,skin,7.0,153,GSM6380571,GSM6380573,4.787369308,5.168759628,0.3813903200000004
LAMA3,ENSG00000053747_at,skin,7.0,155,GSM6380577,GSM6380579,4.812464015,5.067370638,0.2549066230000001
MKI67,ENSG00000148773_at,palate,0.25,129,GSM6380513,GSM6380515,7.773679194,6.909877838,-0.8638013559999997
MKI67,ENSG00000148773_at,palate,0.25,140,GSM6380516,GSM6380518,6.749591983,6.873505799,0.12391381599999995
MKI67,ENSG00000148773_at,palate,0.25,142,GSM6380525,GSM6380527,7.131845905,6.477086491,-0.6547594139999999
MKI67,ENSG00000148773_at,palate,0.25,143,GSM6380528,GSM6380530,7.216492451,6.717125135,-0.49936731599999984
MKI67,ENSG00000148773_at,palate,0.25,152,GSM6380546,GSM6380548,7.01513673,6.351573966,-0.6635627639999999
MKI67,ENSG00000148773_at,palate,0.25,156,GSM6380549,GSM6380551,7.277085905,5.624141484,-1.652944421
MKI67,ENSG00000148773_at,palate,1.0,115,GSM6380491,GSM6380492,6.610368145,6.250104801,-0.3602633439999998
MKI67,ENSG00000148773_at,palate,1.0,117,GSM6380502,GSM6380503,6.25038422,5.890928679,-0.359455541
MKI67,ENSG00000148773_at,palate,1.0,122,GSM6380494,GSM6380495,6.649031973,6.392840622,-0.256191351
MKI67,ENSG00000148773_at,palate,1.0,126,GSM6380505,GSM6380506,6.879156772,7.107178789,0.2280220169999998
MKI67,ENSG00000148773_at,palate,1.0,129,GSM6380513,GSM6380514,7.773679194,7.763962968,-0.009716225999999217
MKI67,ENSG00000148773_at,palate,1.0,140,GSM6380516,GSM6380517,6.749591983,7.202300396,0.45270841299999987
MKI67,ENSG00000148773_at,palate,1.0,142,GSM6380525,GSM6380526,7.131845905,6.9099434,-0.2219025049999992
MKI67,ENSG00000148773_at,palate,1.0,143,GSM6380528,GSM6380529,7.216492451,7.214210178,-0.0022822729999996128
MKI67,ENSG00000148773_at,palate,1.0,146,GSM6380536,GSM6380537,7.016170261,7.381976267,0.3658060059999997
MKI67,ENSG00000148773_at,palate,1.0,148,GSM6380538,GSM6380539,6.396703781,6.159846088,-0.23685769300000015
MKI67,ENSG00000148773_at,palate,1.0,152,GSM6380546,GSM6380547,7.01513673,6.860802311,-0.15433441900000044
MKI67,ENSG00000148773_at,palate,1.0,156,GSM6380549,GSM6380550,7.277085905,7.455622429,0.17853652400000009
MKI67,ENSG00000148773_at,palate,3.0,115,GSM6380491,GSM6380493,6.610368145,7.944326028,1.333957883
MKI67,ENSG00000148773_at,palate,3.0,117,GSM6380502,GSM6380504,6.25038422,7.610274816,1.3598905960000005
MKI67,ENSG00000148773_at,palate,3.0,122,GSM6380494,GSM6380496,6.649031973,7.728844998,1.079813025
MKI67,ENSG00000148773_at,palate,3.0,126,GSM6380505,GSM6380507,6.879156772,7.399858737,0.5207019649999998
MKI67,ENSG00000148773_at,palate,3.0,132,GSM6380553,GSM6380554,6.783381526,7.155446579,0.37206505300000003
MKI67,ENSG00000148773_at,palate,3.0,147,GSM6380559,GSM6380560,6.696480976,8.217193627,1.5207126510000002
MKI67,ENSG00000148773_at,palate,3.0,150,GSM6380568,GSM6380569,7.258577035,7.119063303,-0.13951373200000017
MKI67,ENSG00000148773_at,palate,3.0,153,GSM6380574,GSM6380575,6.733272205,7.368868737,0.6355965320000001
MKI67,ENSG00000148773_at,palate,3.0,155,GSM6380580,GSM6380581,7.083532834,7.30774819,0.2242153560000002
MKI67,ENSG00000148773_at,palate,7.0,132,GSM6380553,GSM6380555,6.783381526,6.702609205,-0.08077232100000042
MKI67,ENSG00000148773_at,palate,7.0,147,GSM6380559,GSM6380561,6.696480976,7.19516387,0.4986828939999999
MKI67,ENSG00000148773_at,palate,7.0,150,GSM6380568,GSM6380570,7.258577035,6.032645073,-1.2259319619999998
MKI67,ENSG00000148773_at,palate,7.0,153,GSM6380574,GSM6380576,6.733272205,7.018159927,0.28488772200000057
MKI67,ENSG00000148773_at,palate,7.0,155,GSM6380580,GSM6380582,7.083532834,6.280557524,-0.8029753099999999
MKI67,ENSG00000148773_at,skin,0.25,129,GSM6380508,GSM6380510,7.187356201,6.004883901,-1.1824722999999997
MKI67,ENSG00000148773_at,skin,0.25,142,GSM6380519,GSM6380521,6.548527383,5.792218431,-0.7563089519999995
MKI67,ENSG00000148773_at,skin,0.25,143,GSM6380522,GSM6380524,6.59713156,5.930005387,-0.6671261730000007
MKI67,ENSG00000148773_at,skin,0.25,146,GSM6380531,GSM6380533,6.666678551,5.769354542,-0.8973240090000001
MKI67,ENSG00000148773_at,skin,0.25,148,GSM6380534,GSM6380535,6.104427391,5.636983756,-0.4674436349999995
MKI67,ENSG00000148773_at,skin,0.25,152,GSM6380540,GSM6380542,6.209522782,5.775445118,-0.43407766399999925
MKI67,ENSG00000148773_at,skin,0.25,156,GSM6380543,GSM6380545,6.075580455,5.610150538,-0.4654299169999998
MKI67,ENSG00000148773_at,skin,1.0,126,GSM6380499,GSM6380500,6.796612199,6.200669938,-0.5959422610000003
MKI67,ENSG00000148773_at,skin,1.0,129,GSM6380508,GSM6380509,7.187356201,6.496319824,-0.6910363769999996
MKI67,ENSG00000148773_at,skin,1.0,140,GSM6380511,GSM6380512,5.875158451,6.074509817,0.19935136600000014
MKI67,ENSG00000148773_at,skin,1.0,142,GSM6380519,GSM6380520,6.548527383,5.620895772,-0.9276316109999998
MKI67,ENSG00000148773_at,skin,1.0,143,GSM6380522,GSM6380523,6.59713156,6.175667831,-0.42146372900000006
MKI67,ENSG00000148773_at,skin,1.0,146,GSM6380531,GSM6380532,6.666678551,6.311084896,-0.35559365500000073
MKI67,ENSG00000148773_at,skin,1.0,152,GSM6380540,GSM6380541,6.209522782,5.777768364,-0.4317544179999997
MKI67,ENSG00000148773_at,skin,1.0,156,GSM6380543,GSM6380544,6.075580455,5.705059351,-0.3705211039999998
MKI67,ENSG00000148773_at,skin,3.0,117,GSM6380497,GSM6380498,6.79906185,8.306981718,1.5079198679999992
MKI67,ENSG00000148773_at,skin,3.0,126,GSM6380499,GSM6380501,6.796612199,8.105510269,1.3088980699999997
MKI67,ENSG00000148773_at,skin,3.0,147,GSM6380556,GSM6380557,6.552230313,8.057642492,1.5054121789999995
MKI67,ENSG00000148773_at,skin,3.0,153,GSM6380571,GSM6380572,6.217995481,8.273959219,2.055963738
MKI67,ENSG00000148773_at,skin,3.0,155,GSM6380577,GSM6380578,6.434511791,7.519307388,1.0847955969999994
MKI67,ENSG00000148773_at,skin,7.0,147,GSM6380556,GSM6380558,6.552230313,8.461858437,1.9096281240000001
MKI67,ENSG00000148773_at,skin,7.0,153,GSM6380571,GSM6380573,6.217995481,7.093044865,0.8750493840000004
MKI67,ENSG00000148773_at,skin,7.0,155,GSM6380577,GSM6380579,6.434511791,7.16873366,0.7342218689999997
MMP1,ENSG00000196611_at,palate,0.25,129,GSM6380513,GSM6380515,3.099133781,10.43807145,7.338937669000001
MMP1,ENSG00000196611_at,palate,0.25,140,GSM6380516,GSM6380518,3.265791857,10.66326229,7.3974704330000005
MMP1,ENSG00000196611_at,palate,0.25,142,GSM6380525,GSM6380527,6.201853146,11.26946745,5.067614304
MMP1,ENSG00000196611_at,palate,0.25,143,GSM6380528,GSM6380530,5.237809975,10.79762012,5.559810144999999
MMP1,ENSG00000196611_at,palate,0.25,152,GSM6380546,GSM6380548,4.777656667,11.82832133,7.050664663
MMP1,ENSG00000196611_at,palate,0.25,156,GSM6380549,GSM6380551,4.715001495,11.86746192,7.152460425
MMP1,ENSG00000196611_at,palate,1.0,115,GSM6380491,GSM6380492,5.679425275,12.35781315,6.678387875
MMP1,ENSG00000196611_at,palate,1.0,117,GSM6380502,GSM6380503,4.626672429,11.47388952,6.847217091
MMP1,ENSG00000196611_at,palate,1.0,122,GSM6380494,GSM6380495,6.927496885,13.17258199,6.245085104999999
MMP1,ENSG00000196611_at,palate,1.0,126,GSM6380505,GSM6380506,6.552930212,12.58455606,6.031625848000001
MMP1,ENSG00000196611_at,palate,1.0,129,GSM6380513,GSM6380514,3.099133781,11.90346583,8.804332049
MMP1,ENSG00000196611_at,palate,1.0,140,GSM6380516,GSM6380517,3.265791857,12.83822635,9.572434493
MMP1,ENSG00000196611_at,palate,1.0,142,GSM6380525,GSM6380526,6.201853146,12.50712733,6.305274183999999
MMP1,ENSG00000196611_at,palate,1.0,143,GSM6380528,GSM6380529,5.237809975,12.65287101,7.415061035
MMP1,ENSG00000196611_at,palate,1.0,146,GSM6380536,GSM6380537,3.268458259,12.95743331,9.688975051
MMP1,ENSG00000196611_at,palate,1.0,148,GSM6380538,GSM6380539,3.206970658,13.70426144,10.497290782
MMP1,ENSG00000196611_at,palate,1.0,152,GSM6380546,GSM6380547,4.777656667,13.01561771,8.237961043000002
MMP1,ENSG00000196611_at,palate,1.0,156,GSM6380549,GSM6380550,4.715001495,12.15576915,7.440767654999999
MMP1,ENSG00000196611_at,palate,3.0,115,GSM6380491,GSM6380493,5.679425275,11.89453036,6.215105084999999
MMP1,ENSG00000196611_at,palate,3.0,117,GSM6380502,GSM6380504,4.626672429,11.82388749,7.1972150610000005
MMP1,ENSG00000196611_at,palate,3.0,122,GSM6380494,GSM6380496,6.927496885,9.261312628,2.3338157430000006
MMP1,ENSG00000196611_at,palate,3.0,126,GSM6380505,GSM6380507,6.552930212,7.101082889,0.548152677
MMP1,ENSG00000196611_at,palate,3.0,132,GSM6380553,GSM6380554,4.128832992,9.464576982,5.33574399
MMP1,ENSG00000196611_at,palate,3.0,147,GSM6380559,GSM6380560,3.56685597,13.04589951,9.47904354
MMP1,ENSG00000196611_at,palate,3.0,150,GSM6380568,GSM6380569,4.222658413,7.07258575,2.8499273369999996
MMP1,ENSG00000196611_at,palate,3.0,153,GSM6380574,GSM6380575,5.747570964,9.916060656,4.1684896920000005
MMP1,ENSG00000196611_at,palate,3.0,155,GSM6380580,GSM6380581,3.615014708,7.560592547,3.945577839
MMP1,ENSG00000196611_at,palate,7.0,132,GSM6380553,GSM6380555,4.128832992,10.90230665,6.7734736579999995
MMP1,ENSG00000196611_at,palate,7.0,147,GSM6380559,GSM6380561,3.56685597,12.20675509,8.639899119999999
MMP1,ENSG00000196611_at,palate,7.0,150,GSM6380568,GSM6380570,4.222658413,3.177502954,-1.0451554590000005
MMP1,ENSG00000196611_at,palate,7.0,153,GSM6380574,GSM6380576,5.747570964,10.09454309,4.346972126
MMP1,ENSG00000196611_at,palate,7.0,155,GSM6380580,GSM6380582,3.615014708,8.448348215,4.833333506999999
MMP1,ENSG00000196611_at,skin,0.25,129,GSM6380508,GSM6380510,3.451830167,12.8911287,9.439298532999999
MMP1,ENSG00000196611_at,skin,0.25,142,GSM6380519,GSM6380521,4.550391344,11.39693403,6.846542686
MMP1,ENSG00000196611_at,skin,0.25,143,GSM6380522,GSM6380524,3.803272727,12.47996894,8.676696213
MMP1,ENSG00000196611_at,skin,0.25,146,GSM6380531,GSM6380533,6.744809947,10.40051791,3.6557079629999993
MMP1,ENSG00000196611_at,skin,0.25,148,GSM6380534,GSM6380535,4.172759576,12.32328539,8.150525814000002
MMP1,ENSG00000196611_at,skin,0.25,152,GSM6380540,GSM6380542,3.403231906,12.51105286,9.107820954
MMP1,ENSG00000196611_at,skin,0.25,156,GSM6380543,GSM6380545,9.33058372,10.24058757,0.9100038500000007
MMP1,ENSG00000196611_at,skin,1.0,126,GSM6380499,GSM6380500,3.208413576,12.46839072,9.259977144
MMP1,ENSG00000196611_at,skin,1.0,129,GSM6380508,GSM6380509,3.451830167,11.74734729,8.295517123
MMP1,ENSG00000196611_at,skin,1.0,140,GSM6380511,GSM6380512,10.06524212,11.78976842,1.724526299999999
MMP1,ENSG00000196611_at,skin,1.0,142,GSM6380519,GSM6380520,4.550391344,13.07888279,8.528491446
MMP1,ENSG00000196611_at,skin,1.0,143,GSM6380522,GSM6380523,3.803272727,12.93766445,9.134391723
MMP1,ENSG00000196611_at,skin,1.0,146,GSM6380531,GSM6380532,6.744809947,13.60543961,6.860629662999999
MMP1,ENSG00000196611_at,skin,1.0,152,GSM6380540,GSM6380541,3.403231906,11.91386724,8.510635334
MMP1,ENSG00000196611_at,skin,1.0,156,GSM6380543,GSM6380544,9.33058372,12.48275386,3.152170140000001
MMP1,ENSG00000196611_at,skin,3.0,117,GSM6380497,GSM6380498,7.25905466,13.31011203,6.0510573700000005
MMP1,ENSG00000196611_at,skin,3.0,126,GSM6380499,GSM6380501,3.208413576,11.98943825,8.781024674
MMP1,ENSG00000196611_at,skin,3.0,147,GSM6380556,GSM6380557,3.287871574,13.22875334,9.940881766
MMP1,ENSG00000196611_at,skin,3.0,153,GSM6380571,GSM6380572,3.522766873,11.72594418,8.203177307
MMP1,ENSG00000196611_at,skin,3.0,155,GSM6380577,GSM6380578,8.515061214,12.03365067,3.518589456000001
MMP1,ENSG00000196611_at,skin,7.0,147,GSM6380556,GSM6380558,3.287871574,13.56424321,10.276371636
MMP1,ENSG00000196611_at,skin,7.0,153,GSM6380571,GSM6380573,3.522766873,8.942047046,5.419280173000001
MMP1,ENSG00000196611_at,skin,7.0,155,GSM6380577,GSM6380579,8.515061214,9.630975428,1.115914214
MMP9,ENSG00000100985_at,palate,0.25,129,GSM6380513,GSM6380515,5.51315534,8.797343873,3.284188533000001
MMP9,ENSG00000100985_at,palate,0.25,140,GSM6380516,GSM6380518,5.84008452,8.486911595,2.646827075000001
MMP9,ENSG00000100985_at,palate,0.25,142,GSM6380525,GSM6380527,5.74946914,8.33060388,2.5811347399999995
MMP9,ENSG00000100985_at,palate,0.25,143,GSM6380528,GSM6380530,5.767929012,7.883819106,2.115890094
MMP9,ENSG00000100985_at,palate,0.25,152,GSM6380546,GSM6380548,6.143115003,8.808599241,2.6654842379999995
MMP9,ENSG00000100985_at,palate,0.25,156,GSM6380549,GSM6380551,6.45944463,7.978102976,1.5186583459999996
MMP9,ENSG00000100985_at,palate,1.0,115,GSM6380491,GSM6380492,5.592805635,8.968070407,3.3752647720000004
MMP9,ENSG00000100985_at,palate,1.0,117,GSM6380502,GSM6380503,5.936198805,7.326391303,1.3901924980000002
MMP9,ENSG00000100985_at,palate,1.0,122,GSM6380494,GSM6380495,6.053952834,9.973114901,3.9191620670000002
MMP9,ENSG00000100985_at,palate,1.0,126,GSM6380505,GSM6380506,6.172400726,11.50338749,5.3309867639999995
MMP9,ENSG00000100985_at,palate,1.0,129,GSM6380513,GSM6380514,5.51315534,9.76642941,4.253274070000001
MMP9,ENSG00000100985_at,palate,1.0,140,GSM6380516,GSM6380517,5.84008452,10.9243609,5.08427638
MMP9,ENSG00000100985_at,palate,1.0,142,GSM6380525,GSM6380526,5.74946914,9.815773649,4.066304509
MMP9,ENSG00000100985_at,palate,1.0,143,GSM6380528,GSM6380529,5.767929012,10.92663319,5.158704178000001
MMP9,ENSG00000100985_at,palate,1.0,146,GSM6380536,GSM6380537,5.879024641,10.44901121,4.569986569
MMP9,ENSG00000100985_at,palate,1.0,148,GSM6380538,GSM6380539,5.839732749,10.89345046,5.053717711
MMP9,ENSG00000100985_at,palate,1.0,152,GSM6380546,GSM6380547,6.143115003,11.55054379,5.407428787000001
MMP9,ENSG00000100985_at,palate,1.0,156,GSM6380549,GSM6380550,6.45944463,9.336144438,2.8766998079999997
MMP9,ENSG00000100985_at,palate,3.0,115,GSM6380491,GSM6380493,5.592805635,8.20922478,2.616419144999999
MMP9,ENSG00000100985_at,palate,3.0,117,GSM6380502,GSM6380504,5.936198805,8.995715824,3.0595170189999994
MMP9,ENSG00000100985_at,palate,3.0,122,GSM6380494,GSM6380496,6.053952834,9.477094497,3.423141662999999
MMP9,ENSG00000100985_at,palate,3.0,126,GSM6380505,GSM6380507,6.172400726,8.000195801,1.827795075
MMP9,ENSG00000100985_at,palate,3.0,132,GSM6380553,GSM6380554,5.552729178,8.321169826,2.7684406480000003
MMP9,ENSG00000100985_at,palate,3.0,147,GSM6380559,GSM6380560,5.434873291,10.23671568,4.801842389
MMP9,ENSG00000100985_at,palate,3.0,150,GSM6380568,GSM6380569,5.143519007,6.177119859,1.0336008520000002
MMP9,ENSG00000100985_at,palate,3.0,153,GSM6380574,GSM6380575,7.258473048,7.071079926,-0.18739312199999958
MMP9,ENSG00000100985_at,palate,3.0,155,GSM6380580,GSM6380581,5.509626724,8.581442855,3.0718161310000003
MMP9,ENSG00000100985_at,palate,7.0,132,GSM6380553,GSM6380555,5.552729178,7.294424151,1.7416949730000004
MMP9,ENSG00000100985_at,palate,7.0,147,GSM6380559,GSM6380561,5.434873291,7.804231324,2.369358033
MMP9,ENSG00000100985_at,palate,7.0,150,GSM6380568,GSM6380570,5.143519007,5.507349281,0.3638302739999997
MMP9,ENSG00000100985_at,palate,7.0,153,GSM6380574,GSM6380576,7.258473048,8.337955483,1.079482435
MMP9,ENSG00000100985_at,palate,7.0,155,GSM6380580,GSM6380582,5.509626724,5.985916062,0.47628933799999995
MMP9,ENSG00000100985_at,skin,0.25,129,GSM6380508,GSM6380510,5.665433314,7.916042951,2.2506096369999993
MMP9,ENSG00000100985_at,skin,0.25,142,GSM6380519,GSM6380521,5.68769735,6.964792494,1.2770951440000005
MMP9,ENSG00000100985_at,skin,0.25,143,GSM6380522,GSM6380524,5.870347217,7.400626727,1.5302795099999997
MMP9,ENSG00000100985_at,skin,0.25,146,GSM6380531,GSM6380533,6.263731255,6.476506866,0.21277561100000053
MMP9,ENSG00000100985_at,skin,0.25,148,GSM6380534,GSM6380535,6.360641683,8.577138895,2.2164972119999993
MMP9,ENSG00000100985_at,skin,0.25,152,GSM6380540,GSM6380542,5.537780315,8.454362686,2.9165823709999996
MMP9,ENSG00000100985_at,skin,0.25,156,GSM6380543,GSM6380545,7.782777347,8.012478803,0.2297014560000008
MMP9,ENSG00000100985_at,skin,1.0,126,GSM6380499,GSM6380500,6.005430209,10.21646211,4.211031901
MMP9,ENSG00000100985_at,skin,1.0,129,GSM6380508,GSM6380509,5.665433314,9.31493951,3.649506196
MMP9,ENSG00000100985_at,skin,1.0,140,GSM6380511,GSM6380512,7.654906552,7.898761397,0.24385484500000043
MMP9,ENSG00000100985_at,skin,1.0,142,GSM6380519,GSM6380520,5.68769735,8.766528034,3.0788306840000006
MMP9,ENSG00000100985_at,skin,1.0,143,GSM6380522,GSM6380523,5.870347217,9.231543554,3.361196337
MMP9,ENSG00000100985_at,skin,1.0,146,GSM6380531,GSM6380532,6.263731255,9.290806679,3.0270754239999995
MMP9,ENSG00000100985_at,skin,1.0,152,GSM6380540,GSM6380541,5.537780315,9.476898064,3.9391177490000002
MMP9,ENSG00000100985_at,skin,1.0,156,GSM6380543,GSM6380544,7.782777347,8.937434136,1.1546567890000006
MMP9,ENSG00000100985_at,skin,3.0,117,GSM6380497,GSM6380498,7.044982445,11.32776053,4.282778085000001
MMP9,ENSG00000100985_at,skin,3.0,126,GSM6380499,GSM6380501,6.005430209,11.91698981,5.911559601
MMP9,ENSG00000100985_at,skin,3.0,147,GSM6380556,GSM6380557,6.090541051,11.11086298,5.0203219290000005
MMP9,ENSG00000100985_at,skin,3.0,153,GSM6380571,GSM6380572,5.483361193,8.900331062,3.416969868999999
MMP9,ENSG00000100985_at,skin,3.0,155,GSM6380577,GSM6380578,6.271634135,10.29944068,4.027806545
MMP9,ENSG00000100985_at,skin,7.0,147,GSM6380556,GSM6380558,6.090541051,10.06992073,3.979379679
MMP9,ENSG00000100985_at,skin,7.0,153,GSM6380571,GSM6380573,5.483361193,8.17257784,2.6892166470000003
MMP9,ENSG00000100985_at,skin,7.0,155,GSM6380577,GSM6380579,6.271634135,9.19072333,2.9190891950000006
TGFB1,ENSG00000105329_at,palate,0.25,129,GSM6380513,GSM6380515,5.877768758,6.422039205,0.5442704469999997
TGFB1,ENSG00000105329_at,palate,0.25,140,GSM6380516,GSM6380518,6.031802499,6.473914219,0.44211171999999976
TGFB1,ENSG00000105329_at,palate,0.25,142,GSM6380525,GSM6380527,5.5833097,5.890593999,0.307284299
TGFB1,ENSG00000105329_at,palate,0.25,143,GSM6380528,GSM6380530,4.944102629,5.79888884,0.8547862110000004
TGFB1,ENSG00000105329_at,palate,0.25,152,GSM6380546,GSM6380548,5.419267852,6.249722861,0.8304550090000005
TGFB1,ENSG00000105329_at,palate,0.25,156,GSM6380549,GSM6380551,5.471212001,6.253169132,0.7819571310000004
TGFB1,ENSG00000105329_at,palate,1.0,115,GSM6380491,GSM6380492,5.509868555,5.718482705,0.20861415000000072
TGFB1,ENSG00000105329_at,palate,1.0,117,GSM6380502,GSM6380503,5.487263004,5.817697666,0.33043466200000005
TGFB1,ENSG00000105329_at,palate,1.0,122,GSM6380494,GSM6380495,5.401930871,6.492596541,1.09066567
TGFB1,ENSG00000105329_at,palate,1.0,126,GSM6380505,GSM6380506,5.964619504,6.543929214,0.5793097100000004
TGFB1,ENSG00000105329_at,palate,1.0,129,GSM6380513,GSM6380514,5.877768758,6.263688903,0.38592014500000005
TGFB1,ENSG00000105329_at,palate,1.0,140,GSM6380516,GSM6380517,6.031802499,6.869735481,0.8379329819999999
TGFB1,ENSG00000105329_at,palate,1.0,142,GSM6380525,GSM6380526,5.5833097,5.694360503,0.11105080300000036
TGFB1,ENSG00000105329_at,palate,1.0,143,GSM6380528,GSM6380529,4.944102629,5.98575748,1.0416548510000005
TGFB1,ENSG00000105329_at,palate,1.0,146,GSM6380536,GSM6380537,5.385865472,6.225984658,0.8401191859999999
TGFB1,ENSG00000105329_at,palate,1.0,148,GSM6380538,GSM6380539,5.329444252,6.33356926,1.004125008
TGFB1,ENSG00000105329_at,palate,1.0,152,GSM6380546,GSM6380547,5.419267852,6.537459354,1.1181915020000002
TGFB1,ENSG00000105329_at,palate,1.0,156,GSM6380549,GSM6380550,5.471212001,6.104322557,0.6331105560000001
TGFB1,ENSG00000105329_at,palate,3.0,115,GSM6380491,GSM6380493,5.509868555,5.248514827,-0.26135372799999956
TGFB1,ENSG00000105329_at,palate,3.0,117,GSM6380502,GSM6380504,5.487263004,5.408330426,-0.07893257799999986
TGFB1,ENSG00000105329_at,palate,3.0,122,GSM6380494,GSM6380496,5.401930871,6.847925699,1.445994828
TGFB1,ENSG00000105329_at,palate,3.0,126,GSM6380505,GSM6380507,5.964619504,6.107943104,0.14332360000000044
TGFB1,ENSG00000105329_at,palate,3.0,132,GSM6380553,GSM6380554,5.704514605,5.732359343,0.027844737999999758
TGFB1,ENSG00000105329_at,palate,3.0,147,GSM6380559,GSM6380560,5.622354822,6.218688578,0.5963337559999999
TGFB1,ENSG00000105329_at,palate,3.0,150,GSM6380568,GSM6380569,5.322792628,5.579969191,0.2571765629999998
TGFB1,ENSG00000105329_at,palate,3.0,153,GSM6380574,GSM6380575,6.024795092,5.924136352,-0.10065874000000008
TGFB1,ENSG00000105329_at,palate,3.0,155,GSM6380580,GSM6380581,5.218037176,5.875070783,0.6570336069999998
TGFB1,ENSG00000105329_at,palate,7.0,132,GSM6380553,GSM6380555,5.704514605,5.678285764,-0.026228841000000003
TGFB1,ENSG00000105329_at,palate,7.0,147,GSM6380559,GSM6380561,5.622354822,5.094001367,-0.5283534550000004
TGFB1,ENSG00000105329_at,palate,7.0,150,GSM6380568,GSM6380570,5.322792628,5.733715224,0.4109225959999998
TGFB1,ENSG00000105329_at,palate,7.0,153,GSM6380574,GSM6380576,6.024795092,6.428354401,0.40355930900000025
TGFB1,ENSG00000105329_at,palate,7.0,155,GSM6380580,GSM6380582,5.218037176,5.948638585,0.7306014090000001
TGFB1,ENSG00000105329_at,skin,0.25,129,GSM6380508,GSM6380510,5.567134054,6.253702437,0.686568383
TGFB1,ENSG00000105329_at,skin,0.25,142,GSM6380519,GSM6380521,5.126204,5.778794593,0.6525905929999993
TGFB1,ENSG00000105329_at,skin,0.25,143,GSM6380522,GSM6380524,5.048708984,5.937582054,0.8888730699999998
TGFB1,ENSG00000105329_at,skin,0.25,146,GSM6380531,GSM6380533,5.188063171,4.948830729,-0.2392324419999996
TGFB1,ENSG00000105329_at,skin,0.25,148,GSM6380534,GSM6380535,5.519387356,6.073865405,0.5544780490000001
TGFB1,ENSG00000105329_at,skin,0.25,152,GSM6380540,GSM6380542,5.402117914,6.229956717,0.8278388030000006
TGFB1,ENSG00000105329_at,skin,0.25,156,GSM6380543,GSM6380545,5.425255348,6.15020818,0.7249528319999996
TGFB1,ENSG00000105329_at,skin,1.0,126,GSM6380499,GSM6380500,6.424337721,6.98710229,0.5627645690000005
TGFB1,ENSG00000105329_at,skin,1.0,129,GSM6380508,GSM6380509,5.567134054,6.691882865,1.124748811
TGFB1,ENSG00000105329_at,skin,1.0,140,GSM6380511,GSM6380512,6.38686283,6.829987616,0.44312478600000027
TGFB1,ENSG00000105329_at,skin,1.0,142,GSM6380519,GSM6380520,5.126204,6.267409085,1.1412050849999993
TGFB1,ENSG00000105329_at,skin,1.0,143,GSM6380522,GSM6380523,5.048708984,7.174514303,2.1258053189999995
TGFB1,ENSG00000105329_at,skin,1.0,146,GSM6380531,GSM6380532,5.188063171,6.807754768,1.619691597
TGFB1,ENSG00000105329_at,skin,1.0,152,GSM6380540,GSM6380541,5.402117914,6.261961599,0.8598436850000004
TGFB1,ENSG00000105329_at,skin,1.0,156,GSM6380543,GSM6380544,5.425255348,6.235001347,0.8097459989999995
TGFB1,ENSG00000105329_at,skin,3.0,117,GSM6380497,GSM6380498,4.69722238,6.345819377,1.6485969969999994
TGFB1,ENSG00000105329_at,skin,3.0,126,GSM6380499,GSM6380501,6.424337721,6.356771634,-0.06756608699999944
TGFB1,ENSG00000105329_at,skin,3.0,147,GSM6380556,GSM6380557,5.432323198,6.487311197,1.0549879990000006
TGFB1,ENSG00000105329_at,skin,3.0,153,GSM6380571,GSM6380572,5.285009576,6.273147522,0.9881379460000002
TGFB1,ENSG00000105329_at,skin,3.0,155,GSM6380577,GSM6380578,5.871298319,6.379991174,0.5086928549999996
TGFB1,ENSG00000105329_at,skin,7.0,147,GSM6380556,GSM6380558,5.432323198,5.571266775,0.13894357700000004
TGFB1,ENSG00000105329_at,skin,7.0,153,GSM6380571,GSM6380573,5.285009576,5.719053618,0.434044042
TGFB1,ENSG00000105329_at,skin,7.0,155,GSM6380577,GSM6380579,5.871298319,6.450337667,0.5790393480000002
TNF,ENSG00000232810_at,palate,0.25,129,GSM6380513,GSM6380515,4.518564098,4.949666365,0.431102267
TNF,ENSG00000232810_at,palate,0.25,140,GSM6380516,GSM6380518,4.248089176,5.675806891,1.427717715
TNF,ENSG00000232810_at,palate,0.25,142,GSM6380525,GSM6380527,4.524802497,5.028638868,0.5038363710000002
TNF,ENSG00000232810_at,palate,0.25,143,GSM6380528,GSM6380530,4.159618557,4.693596006,0.533977449
TNF,ENSG00000232810_at,palate,0.25,152,GSM6380546,GSM6380548,4.665905082,5.117668884,0.4517638020000003
TNF,ENSG00000232810_at,palate,0.25,156,GSM6380549,GSM6380551,4.368357659,5.160789383,0.7924317240000001
TNF,ENSG00000232810_at,palate,1.0,115,GSM6380491,GSM6380492,4.157149285,4.529158423,0.37200913800000013
TNF,ENSG00000232810_at,palate,1.0,117,GSM6380502,GSM6380503,4.863151875,5.262571654,0.3994197790000005
TNF,ENSG00000232810_at,palate,1.0,122,GSM6380494,GSM6380495,4.742008213,5.424194035,0.6821858220000001
TNF,ENSG00000232810_at,palate,1.0,126,GSM6380505,GSM6380506,4.359374543,5.064409208,0.7050346649999994
TNF,ENSG00000232810_at,palate,1.0,129,GSM6380513,GSM6380514,4.518564098,5.169794014,0.6512299160000001
TNF,ENSG00000232810_at,palate,1.0,140,GSM6380516,GSM6380517,4.248089176,4.955081654,0.7069924780000001
TNF,ENSG00000232810_at,palate,1.0,142,GSM6380525,GSM6380526,4.524802497,4.918271682,0.3934691850000007
TNF,ENSG00000232810_at,palate,1.0,143,GSM6380528,GSM6380529,4.159618557,4.761926634,0.602308077
TNF,ENSG00000232810_at,palate,1.0,146,GSM6380536,GSM6380537,4.813130835,4.906199653,0.09306881799999989
TNF,ENSG00000232810_at,palate,1.0,148,GSM6380538,GSM6380539,4.166477378,6.043992239,1.8775148609999999
TNF,ENSG00000232810_at,palate,1.0,152,GSM6380546,GSM6380547,4.665905082,5.552541312,0.8866362299999997
TNF,ENSG00000232810_at,palate,1.0,156,GSM6380549,GSM6380550,4.368357659,5.285464861,0.9171072020000004
TNF,ENSG00000232810_at,palate,3.0,115,GSM6380491,GSM6380493,4.157149285,4.522973728,0.36582444300000017
TNF,ENSG00000232810_at,palate,3.0,117,GSM6380502,GSM6380504,4.863151875,4.788228718,-0.07492315699999974
TNF,ENSG00000232810_at,palate,3.0,122,GSM6380494,GSM6380496,4.742008213,4.702953863,-0.03905434999999979
TNF,ENSG00000232810_at,palate,3.0,126,GSM6380505,GSM6380507,4.359374543,4.577373903,0.21799935999999942
TNF,ENSG00000232810_at,palate,3.0,132,GSM6380553,GSM6380554,4.461573198,5.164149221,0.7025760229999998
TNF,ENSG00000232810_at,palate,3.0,147,GSM6380559,GSM6380560,4.749724647,5.21785545,0.4681308030000002
TNF,ENSG00000232810_at,palate,3.0,150,GSM6380568,GSM6380569,4.4039654,4.785075147,0.381109747
TNF,ENSG00000232810_at,palate,3.0,153,GSM6380574,GSM6380575,4.449328217,4.751290023,0.30196180600000044
TNF,ENSG00000232810_at,palate,3.0,155,GSM6380580,GSM6380581,4.550317519,4.376801007,-0.17351651199999996
TNF,ENSG00000232810_at,palate,7.0,132,GSM6380553,GSM6380555,4.461573198,4.492492587,0.03091938900000013
TNF,ENSG00000232810_at,palate,7.0,147,GSM6380559,GSM6380561,4.749724647,5.055370489,0.30564584200000056
TNF,ENSG00000232810_at,palate,7.0,150,GSM6380568,GSM6380570,4.4039654,4.219961622,-0.18400377800000012
TNF,ENSG00000232810_at,palate,7.0,153,GSM6380574,GSM6380576,4.449328217,4.632707956,0.18337973900000026
TNF,ENSG00000232810_at,palate,7.0,155,GSM6380580,GSM6380582,4.550317519,4.449044732,-0.10127278700000009
TNF,ENSG00000232810_at,skin,0.25,129,GSM6380508,GSM6380510,4.671968589,4.851867722,0.17989913300000016
TNF,ENSG00000232810_at,skin,0.25,142,GSM6380519,GSM6380521,4.219359466,4.513421727,0.29406226099999966
TNF,ENSG00000232810_at,skin,0.25,143,GSM6380522,GSM6380524,4.848151947,4.320584725,-0.5275672220000001
TNF,ENSG00000232810_at,skin,0.25,146,GSM6380531,GSM6380533,4.10992278,4.796785715,0.6868629350000006
TNF,ENSG00000232810_at,skin,0.25,148,GSM6380534,GSM6380535,4.75885411,4.942364107,0.1835099970000007
TNF,ENSG00000232810_at,skin,0.25,152,GSM6380540,GSM6380542,4.587670473,4.623803893,0.03613341999999964
TNF,ENSG00000232810_at,skin,0.25,156,GSM6380543,GSM6380545,4.363494214,5.043284206,0.6797899919999999
TNF,ENSG00000232810_at,skin,1.0,126,GSM6380499,GSM6380500,4.813561267,4.983277849,0.1697165820000004
TNF,ENSG00000232810_at,skin,1.0,129,GSM6380508,GSM6380509,4.671968589,5.025353102,0.35338451300000084
TNF,ENSG00000232810_at,skin,1.0,140,GSM6380511,GSM6380512,4.720384526,5.18969514,0.4693106140000003
TNF,ENSG00000232810_at,skin,1.0,142,GSM6380519,GSM6380520,4.219359466,4.574922714,0.35556324800000016
TNF,ENSG00000232810_at,skin,1.0,143,GSM6380522,GSM6380523,4.848151947,4.984935933,0.1367839860000002
TNF,ENSG00000232810_at,skin,1.0,146,GSM6380531,GSM6380532,4.10992278,4.729324221,0.6194014409999999
TNF,ENSG00000232810_at,skin,1.0,152,GSM6380540,GSM6380541,4.587670473,4.485106966,-0.10256350700000016
TNF,ENSG00000232810_at,skin,1.0,156,GSM6380543,GSM6380544,4.363494214,4.855783976,0.4922897619999995
TNF,ENSG00000232810_at,skin,3.0,117,GSM6380497,GSM6380498,4.39343884,4.668610864,0.27517202399999974
TNF,ENSG00000232810_at,skin,3.0,126,GSM6380499,GSM6380501,4.813561267,4.813387479,-0.00017378799999967498
TNF,ENSG00000232810_at,skin,3.0,147,GSM6380556,GSM6380557,5.097691373,5.122149333,0.024457960000000334
TNF,ENSG00000232810_at,skin,3.0,153,GSM6380571,GSM6380572,4.686746136,4.869374418,0.1826282819999996
TNF,ENSG00000232810_at,skin,3.0,155,GSM6380577,GSM6380578,4.628527468,5.314851352,0.6863238840000001
TNF,ENSG00000232810_at,skin,7.0,147,GSM6380556,GSM6380558,5.097691373,5.463776426,0.36608505299999994
TNF,ENSG00000232810_at,skin,7.0,153,GSM6380571,GSM6380573,4.686746136,4.358350543,-0.32839559299999976
TNF,ENSG00000232810_at,skin,7.0,155,GSM6380577,GSM6380579,4.628527468,4.966054686,0.33752721799999996
VEGFA,ENSG00000112715_at,palate,0.25,129,GSM6380513,GSM6380515,6.680856818,7.605864813,0.9250079950000005
VEGFA,ENSG00000112715_at,palate,0.25,140,GSM6380516,GSM6380518,7.106103872,7.947277832,0.8411739599999999
VEGFA,ENSG00000112715_at,palate,0.25,142,GSM6380525,GSM6380527,6.357323309,7.911273441,1.5539501319999998
VEGFA,ENSG00000112715_at,palate,0.25,143,GSM6380528,GSM6380530,6.61131093,7.399038208,0.7877272780000002
VEGFA,ENSG00000112715_at,palate,0.25,152,GSM6380546,GSM6380548,6.630100028,7.343005538,0.7129055099999997
VEGFA,ENSG00000112715_at,palate,0.25,156,GSM6380549,GSM6380551,6.370113291,7.737908119,1.367794828
VEGFA,ENSG00000112715_at,palate,1.0,115,GSM6380491,GSM6380492,5.939588398,6.528111967,0.5885235690000004
VEGFA,ENSG00000112715_at,palate,1.0,117,GSM6380502,GSM6380503,6.332105021,7.328648547,0.996543526
VEGFA,ENSG00000112715_at,palate,1.0,122,GSM6380494,GSM6380495,6.604509836,7.543474132,0.938964296
VEGFA,ENSG00000112715_at,palate,1.0,126,GSM6380505,GSM6380506,6.339842601,6.874474062,0.534631461
VEGFA,ENSG00000112715_at,palate,1.0,129,GSM6380513,GSM6380514,6.680856818,6.606639204,-0.07421761399999927
VEGFA,ENSG00000112715_at,palate,1.0,140,GSM6380516,GSM6380517,7.106103872,7.012176684,-0.09392718800000033
VEGFA,ENSG00000112715_at,palate,1.0,142,GSM6380525,GSM6380526,6.357323309,6.934317991,0.5769946820000005
VEGFA,ENSG00000112715_at,palate,1.0,143,GSM6380528,GSM6380529,6.61131093,7.057085796,0.4457748659999998
VEGFA,ENSG00000112715_at,palate,1.0,146,GSM6380536,GSM6380537,6.850117866,6.534197251,-0.31592061499999957
VEGFA,ENSG00000112715_at,palate,1.0,148,GSM6380538,GSM6380539,6.133829703,7.460931009,1.3271013060000003
VEGFA,ENSG00000112715_at,palate,1.0,152,GSM6380546,GSM6380547,6.630100028,6.614636925,-0.015463103000000089
VEGFA,ENSG00000112715_at,palate,1.0,156,GSM6380549,GSM6380550,6.370113291,6.561804732,0.19169144099999968
VEGFA,ENSG00000112715_at,palate,3.0,115,GSM6380491,GSM6380493,5.939588398,6.076183014,0.136594616
VEGFA,ENSG00000112715_at,palate,3.0,117,GSM6380502,GSM6380504,6.332105021,5.94805956,-0.38404546100000037
VEGFA,ENSG00000112715_at,palate,3.0,122,GSM6380494,GSM6380496,6.604509836,6.597646349,-0.00686348700000039
VEGFA,ENSG00000112715_at,palate,3.0,126,GSM6380505,GSM6380507,6.339842601,6.40359887,0.06375626899999975
VEGFA,ENSG00000112715_at,palate,3.0,132,GSM6380553,GSM6380554,6.433825876,6.357833799,-0.07599207700000044
VEGFA,ENSG00000112715_at,palate,3.0,147,GSM6380559,GSM6380560,6.346047594,7.210199004,0.8641514099999998
VEGFA,ENSG00000112715_at,palate,3.0,150,GSM6380568,GSM6380569,6.546066091,6.195887126,-0.35017896500000045
VEGFA,ENSG00000112715_at,palate,3.0,153,GSM6380574,GSM6380575,6.679663135,6.591303237,-0.08835989800000021
VEGFA,ENSG00000112715_at,palate,3.0,155,GSM6380580,GSM6380581,6.370897721,6.496537478,0.12563975699999919
VEGFA,ENSG00000112715_at,palate,7.0,132,GSM6380553,GSM6380555,6.433825876,6.204034172,-0.22979170400000015
VEGFA,ENSG00000112715_at,palate,7.0,147,GSM6380559,GSM6380561,6.346047594,6.551380022,0.20533242800000018
VEGFA,ENSG00000112715_at,palate,7.0,150,GSM6380568,GSM6380570,6.546066091,6.842593632,0.2965275409999997
VEGFA,ENSG00000112715_at,palate,7.0,153,GSM6380574,GSM6380576,6.679663135,6.098839429,-0.5808237060000003
VEGFA,ENSG00000112715_at,palate,7.0,155,GSM6380580,GSM6380582,6.370897721,6.140088494,-0.23080922700000084
VEGFA,ENSG00000112715_at,skin,0.25,129,GSM6380508,GSM6380510,6.214347741,8.697760585,2.483412843999999
VEGFA,ENSG00000112715_at,skin,0.25,142,GSM6380519,GSM6380521,5.495461244,8.220128477,2.724667232999999
VEGFA,ENSG00000112715_at,skin,0.25,143,GSM6380522,GSM6380524,5.530870494,8.065785936,2.534915441999999
VEGFA,ENSG00000112715_at,skin,0.25,146,GSM6380531,GSM6380533,5.746317408,7.366841888,1.6205244799999994
VEGFA,ENSG00000112715_at,skin,0.25,148,GSM6380534,GSM6380535,5.438575574,8.093793018,2.655217444
VEGFA,ENSG00000112715_at,skin,0.25,152,GSM6380540,GSM6380542,5.537412813,8.449879565,2.9124667519999994
VEGFA,ENSG00000112715_at,skin,0.25,156,GSM6380543,GSM6380545,5.796000352,7.914653638,2.118653286
VEGFA,ENSG00000112715_at,skin,1.0,126,GSM6380499,GSM6380500,5.920526664,7.177247005,1.2567203410000003
VEGFA,ENSG00000112715_at,skin,1.0,129,GSM6380508,GSM6380509,6.214347741,6.801881367,0.5875336259999999
VEGFA,ENSG00000112715_at,skin,1.0,140,GSM6380511,GSM6380512,8.072338962,6.728318797,-1.3440201649999999
VEGFA,ENSG00000112715_at,skin,1.0,142,GSM6380519,GSM6380520,5.495461244,6.324963356,0.8295021119999992
VEGFA,ENSG00000112715_at,skin,1.0,143,GSM6380522,GSM6380523,5.530870494,6.947367466,1.416496972
VEGFA,ENSG00000112715_at,skin,1.0,146,GSM6380531,GSM6380532,5.746317408,6.942384669,1.1960672609999996
VEGFA,ENSG00000112715_at,skin,1.0,152,GSM6380540,GSM6380541,5.537412813,6.109014925,0.5716021119999999
VEGFA,ENSG00000112715_at,skin,1.0,156,GSM6380543,GSM6380544,5.796000352,6.620847825,0.8248474730000002
VEGFA,ENSG00000112715_at,skin,3.0,117,GSM6380497,GSM6380498,5.537666589,6.617004598,1.0793380090000007
VEGFA,ENSG00000112715_at,skin,3.0,126,GSM6380499,GSM6380501,5.920526664,6.909902305,0.9893756410000005
VEGFA,ENSG00000112715_at,skin,3.0,147,GSM6380556,GSM6380557,5.295527403,6.550868106,1.255340703
VEGFA,ENSG00000112715_at,skin,3.0,153,GSM6380571,GSM6380572,5.650857416,7.389787318,1.7389299019999997
VEGFA,ENSG00000112715_at,skin,3.0,155,GSM6380577,GSM6380578,6.354552478,6.904633142,0.5500806640000002
VEGFA,ENSG00000112715_at,skin,7.0,147,GSM6380556,GSM6380558,5.295527403,7.564488454,2.268961051
VEGFA,ENSG00000112715_at,skin,7.0,153,GSM6380571,GSM6380573,5.650857416,6.580106793,0.9292493769999997
VEGFA,ENSG00000112715_at,skin,7.0,155,GSM6380577,GSM6380579,6.354552478,6.095182513,-0.2593699649999994
