gene,probe,sample,subject,tissue,day,rma_log2_expression
DCN,ENSG00000011465_at,GSM6380487,115,skin,1,8.994463685
DCN,ENSG00000011465_at,GSM6380488,115,skin,3,8.549878122
DCN,ENSG00000011465_at,GSM6380489,122,skin,1,9.119245939
DCN,ENSG00000011465_at,GSM6380490,122,skin,3,8.424385081
DCN,ENSG00000011465_at,GSM6380491,115,palate,0,9.911434363
DCN,ENSG00000011465_at,GSM6380492,115,palate,1,9.783648472
DCN,ENSG00000011465_at,GSM6380493,115,palate,3,9.929267831
DCN,ENSG00000011465_at,GSM6380494,122,palate,0,9.772654427
DCN,ENSG00000011465_at,GSM6380495,122,palate,1,8.862138905
DCN,ENSG00000011465_at,GSM6380496,122,palate,3,9.388341035
DCN,ENSG00000011465_at,GSM6380497,117,skin,0,9.03263997
DCN,ENSG00000011465_at,GSM6380498,117,skin,3,9.134851586
DCN,ENSG00000011465_at,GSM6380499,126,skin,0,8.283009288
DCN,ENSG00000011465_at,GSM6380500,126,skin,1,8.119565275
DCN,ENSG00000011465_at,GSM6380501,126,skin,3,8.639309823
DCN,ENSG00000011465_at,GSM6380502,117,palate,0,9.460307714
DCN,ENSG00000011465_at,GSM6380503,117,palate,1,9.546304835
DCN,ENSG00000011465_at,GSM6380504,117,palate,3,9.968007533
DCN,ENSG00000011465_at,GSM6380505,126,palate,0,9.34583986
DCN,ENSG00000011465_at,GSM6380506,126,palate,1,9.300033825
DCN,ENSG00000011465_at,GSM6380507,126,palate,3,9.744953766
DCN,ENSG00000011465_at,GSM6380508,129,skin,0,8.960577321
DCN,ENSG00000011465_at,GSM6380509,129,skin,1,8.47764241
DCN,ENSG00000011465_at,GSM6380510,129,skin,0.25,9.183440165
DCN,ENSG00000011465_at,GSM6380511,140,skin,0,9.41716699
DCN,ENSG00000011465_at,GSM6380512,140,skin,1,7.947461308
DCN,ENSG00000011465_at,GSM6380513,129,palate,0,9.44237099
DCN,ENSG00000011465_at,GSM6380514,129,palate,1,9.601533869
DCN,ENSG00000011465_at,GSM6380515,129,palate,0.25,8.965515395
DCN,ENSG00000011465_at,GSM6380516,140,palate,0,9.569058642
DCN,ENSG00000011465_at,GSM6380517,140,palate,1,8.751266783
DCN,ENSG00000011465_at,GSM6380518,140,palate,0.25,8.352328054
DCN,ENSG00000011465_at,GSM6380519,142,skin,0,8.33284374
DCN,ENSG00000011465_at,GSM6380520,142,skin,1,9.330017617
DCN,ENSG00000011465_at,GSM6380521,142,skin,0.25,9.699363149
DCN,ENSG00000011465_at,GSM6380522,143,skin,0,8.624099335
DCN,ENSG00000011465_at,GSM6380523,143,skin,1,7.741705916
DCN,ENSG00000011465_at,GSM6380524,143,skin,0.25,9.247357172
DCN,ENSG00000011465_at,GSM6380525,142,palate,0,9.925124673
DCN,ENSG00000011465_at,GSM6380526,142,palate,1,9.696641385
DCN,ENSG00000011465_at,GSM6380527,142,palate,0.25,9.523765557
DCN,ENSG00000011465_at,GSM6380528,143,palate,0,9.497152542
DCN,ENSG00000011465_at,GSM6380529,143,palate,1,9.435483717
DCN,ENSG00000011465_at,GSM6380530,143,palate,0.25,9.370777747
DCN,ENSG00000011465_at,GSM6380531,146,skin,0,8.969597638
DCN,ENSG00000011465_at,GSM6380532,146,skin,1,8.569061523
DCN,ENSG00000011465_at,GSM6380533,146,skin,0.25,9.94870412
DCN,ENSG00000011465_at,GSM6380534,148,skin,0,8.528881382
DCN,ENSG00000011465_at,GSM6380535,148,skin,0.25,8.819761907
DCN,ENSG00000011465_at,GSM6380536,146,palate,0,8.824362182
DCN,ENSG00000011465_at,GSM6380537,146,palate,1,8.913164293
DCN,ENSG00000011465_at,GSM6380538,148,palate,0,9.985442887
DCN,ENSG00000011465_at,GSM6380539,148,palate,1,8.829656935
DCN,ENSG00000011465_at,GSM6380540,152,skin,0,9.14788083
DCN,ENSG00000011465_at,GSM6380541,152,skin,1,8.371536308
DCN,ENSG00000011465_at,GSM6380542,152,skin,0.25,8.793571674
DCN,ENSG00000011465_at,GSM6380543,156,skin,0,9.13443892
DCN,ENSG00000011465_at,GSM6380544,156,skin,1,8.806909295
DCN,ENSG00000011465_at,GSM6380545,156,skin,0.25,9.67877979
DCN,ENSG00000011465_at,GSM6380546,152,palate,0,9.211742727
DCN,ENSG00000011465_at,GSM6380547,152,palate,1,9.308336092
DCN,ENSG00000011465_at,GSM6380548,152,palate,0.25,9.143722968
DCN,ENSG00000011465_at,GSM6380549,156,palate,0,9.3823052
DCN,ENSG00000011465_at,GSM6380550,156,palate,1,9.103681079
DCN,ENSG00000011465_at,GSM6380551,156,palate,0.25,9.864579978
DCN,ENSG00000011465_at,GSM6380552,132,skin,7,9.986546191
DCN,ENSG00000011465_at,GSM6380553,132,palate,0,9.919718388
DCN,ENSG00000011465_at,GSM6380554,132,palate,3,10.23598454
DCN,ENSG00000011465_at,GSM6380555,132,palate,7,10.11655211
DCN,ENSG00000011465_at,GSM6380556,147,skin,0,9.210560935
DCN,ENSG00000011465_at,GSM6380557,147,skin,3,8.78981099
DCN,ENSG00000011465_at,GSM6380558,147,skin,7,8.080525375
DCN,ENSG00000011465_at,GSM6380559,147,palate,0,9.583169364
DCN,ENSG00000011465_at,GSM6380560,147,palate,3,9.714607339
DCN,ENSG00000011465_at,GSM6380561,147,palate,7,9.993440606
DCN,ENSG00000011465_at,GSM6380562,149,skin,3,9.302579312
DCN,ENSG00000011465_at,GSM6380563,149,skin,7,9.688157273
DCN,ENSG00000011465_at,GSM6380564,149,palate,3,9.875793949
DCN,ENSG00000011465_at,GSM6380565,149,palate,7,10.07772752
DCN,ENSG00000011465_at,GSM6380566,150,skin,3,8.687265778
DCN,ENSG00000011465_at,GSM6380567,150,skin,7,9.577923426
DCN,ENSG00000011465_at,GSM6380568,150,palate,0,9.190223763
DCN,ENSG00000011465_at,GSM6380569,150,palate,3,9.829358517
DCN,ENSG00000011465_at,GSM6380570,150,palate,7,9.457446099
DCN,ENSG00000011465_at,GSM6380571,153,skin,0,8.952183278
DCN,ENSG00000011465_at,GSM6380572,153,skin,3,8.888523805
DCN,ENSG00000011465_at,GSM6380573,153,skin,7,9.67757893
DCN,ENSG00000011465_at,GSM6380574,153,palate,0,9.492634864
DCN,ENSG00000011465_at,GSM6380575,153,palate,3,9.944720205
DCN,ENSG00000011465_at,GSM6380576,153,palate,7,10.32640267
DCN,ENSG00000011465_at,GSM6380577,155,skin,0,9.676756287
DCN,ENSG00000011465_at,GSM6380578,155,skin,3,8.863802978
DCN,ENSG00000011465_at,GSM6380579,155,skin,7,9.307269867
DCN,ENSG00000011465_at,GSM6380580,155,palate,0,9.898507746
DCN,ENSG00000011465_at,GSM6380581,155,palate,3,10.00337471
DCN,ENSG00000011465_at,GSM6380582,155,palate,7,9.624124466
LAMA3,ENSG00000053747_at,GSM6380487,115,skin,1,4.833602859
LAMA3,ENSG00000053747_at,GSM6380488,115,skin,3,5.032997191
LAMA3,ENSG00000053747_at,GSM6380489,122,skin,1,5.013212605
LAMA3,ENSG00000053747_at,GSM6380490,122,skin,3,4.919014433
LAMA3,ENSG00000053747_at,GSM6380491,115,palate,0,4.898793241
LAMA3,ENSG00000053747_at,GSM6380492,115,palate,1,5.007171017
LAMA3,ENSG00000053747_at,GSM6380493,115,palate,3,5.042831815
LAMA3,ENSG00000053747_at,GSM6380494,122,palate,0,4.877317726
LAMA3,ENSG00000053747_at,GSM6380495,122,palate,1,4.955046182
LAMA3,ENSG00000053747_at,GSM6380496,122,palate,3,4.988470636
LAMA3,ENSG00000053747_at,GSM6380497,117,skin,0,4.600528451
LAMA3,ENSG00000053747_at,GSM6380498,117,skin,3,5.035904904
LAMA3,ENSG00000053747_at,GSM6380499,126,skin,0,4.544963252
LAMA3,ENSG00000053747_at,GSM6380500,126,skin,1,5.071577
LAMA3,ENSG00000053747_at,GSM6380501,126,skin,3,4.976640718
LAMA3,ENSG00000053747_at,GSM6380502,117,palate,0,4.92019174
LAMA3,ENSG00000053747_at,GSM6380503,117,palate,1,4.79193254
LAMA3,ENSG00000053747_at,GSM6380504,117,palate,3,5.041748784
LAMA3,ENSG00000053747_at,GSM6380505,126,palate,0,4.869154375
LAMA3,ENSG00000053747_at,GSM6380506,126,palate,1,4.874650871
LAMA3,ENSG00000053747_at,GSM6380507,126,palate,3,4.910192481
LAMA3,ENSG00000053747_at,GSM6380508,129,skin,0,4.67015457
LAMA3,ENSG00000053747_at,GSM6380509,129,skin,1,4.967468356
LAMA3,ENSG00000053747_at,GSM6380510,129,skin,0.25,4.917728654
LAMA3,ENSG00000053747_at,GSM6380511,140,skin,0,4.731641199
LAMA3,ENSG00000053747_at,GSM6380512,140,skin,1,4.953265296
LAMA3,ENSG00000053747_at,GSM6380513,129,palate,0,4.93487819
LAMA3,ENSG00000053747_at,GSM6380514,129,palate,1,5.364882019
LAMA3,ENSG00000053747_at,GSM6380515,129,palate,0.25,4.755794887
LAMA3,ENSG00000053747_at,GSM6380516,140,palate,0,4.801717262
LAMA3,ENSG00000053747_at,GSM6380517,140,palate,1,4.968978241
LAMA3,ENSG00000053747_at,GSM6380518,140,palate,0.25,4.86588419
LAMA3,ENSG00000053747_at,GSM6380519,142,skin,0,4.726350274
LAMA3,ENSG00000053747_at,GSM6380520,142,skin,1,5.024583384
LAMA3,ENSG00000053747_at,GSM6380521,142,skin,0.25,4.756286446
LAMA3,ENSG00000053747_at,GSM6380522,143,skin,0,4.634635756
LAMA3,ENSG00000053747_at,GSM6380523,143,skin,1,5.268477861
LAMA3,ENSG00000053747_at,GSM6380524,143,skin,0.25,4.89484959
LAMA3,ENSG00000053747_at,GSM6380525,142,palate,0,4.817835728
LAMA3,ENSG00000053747_at,GSM6380526,142,palate,1,5.232971067
LAMA3,ENSG00000053747_at,GSM6380527,142,palate,0.25,4.868110369
LAMA3,ENSG00000053747_at,GSM6380528,143,palate,0,4.785725295
LAMA3,ENSG00000053747_at,GSM6380529,143,palate,1,5.047937007
LAMA3,ENSG00000053747_at,GSM6380530,143,palate,0.25,4.839558864
LAMA3,ENSG00000053747_at,GSM6380531,146,skin,0,4.553108376
LAMA3,ENSG00000053747_at,GSM6380532,146,skin,1,4.965793148
LAMA3,ENSG00000053747_at,GSM6380533,146,skin,0.25,4.740124372
LAMA3,ENSG00000053747_at,GSM6380534,148,skin,0,4.312235604
LAMA3,ENSG00000053747_at,GSM6380535,148,skin,0.25,4.783973295
LAMA3,ENSG00000053747_at,GSM6380536,146,palate,0,4.898095438
LAMA3,ENSG00000053747_at,GSM6380537,146,palate,1,5.186094073
LAMA3,ENSG00000053747_at,GSM6380538,148,palate,0,4.866236744
LAMA3,ENSG00000053747_at,GSM6380539,148,palate,1,5.064682715
LAMA3,ENSG00000053747_at,GSM6380540,152,skin,0,4.667371285
LAMA3,ENSG00000053747_at,GSM6380541,152,skin,1,4.968204853
LAMA3,ENSG00000053747_at,GSM6380542,152,skin,0.25,4.714729417
LAMA3,ENSG00000053747_at,GSM6380543,156,skin,0,4.56199358
LAMA3,ENSG00000053747_at,GSM6380544,156,skin,1,4.880716904
LAMA3,ENSG00000053747_at,GSM6380545,156,skin,0.25,4.674968804
LAMA3,ENSG00000053747_at,GSM6380546,152,palate,0,4.83119318
LAMA3,ENSG00000053747_at,GSM6380547,152,palate,1,5.071891671
LAMA3,ENSG00000053747_at,GSM6380548,152,palate,0.25,4.957163525
LAMA3,ENSG00000053747_at,GSM6380549,156,palate,0,4.832445738
LAMA3,ENSG00000053747_at,GSM6380550,156,palate,1,4.893269391
LAMA3,ENSG00000053747_at,GSM6380551,156,palate,0.25,5.049802238
LAMA3,ENSG00000053747_at,GSM6380552,132,skin,7,4.784809718
LAMA3,ENSG00000053747_at,GSM6380553,132,palate,0,4.942300468
LAMA3,ENSG00000053747_at,GSM6380554,132,palate,3,5.030140806
LAMA3,ENSG00000053747_at,GSM6380555,132,palate,7,4.977135382
LAMA3,ENSG00000053747_at,GSM6380556,147,skin,0,4.608082041
LAMA3,ENSG00000053747_at,GSM6380557,147,skin,3,4.929515338
LAMA3,ENSG00000053747_at,GSM6380558,147,skin,7,5.036381919
LAMA3,ENSG00000053747_at,GSM6380559,147,palate,0,5.01537781
LAMA3,ENSG00000053747_at,GSM6380560,147,palate,3,5.096271156
LAMA3,ENSG00000053747_at,GSM6380561,147,palate,7,5.156930426
LAMA3,ENSG00000053747_at,GSM6380562,149,skin,3,4.947643023
LAMA3,ENSG00000053747_at,GSM6380563,149,skin,7,5.071836524
LAMA3,ENSG00000053747_at,GSM6380564,149,palate,3,4.998784442
LAMA3,ENSG00000053747_at,GSM6380565,149,palate,7,4.723406624
LAMA3,ENSG00000053747_at,GSM6380566,150,skin,3,5.084476223
LAMA3,ENSG00000053747_at,GSM6380567,150,skin,7,4.990145739
LAMA3,ENSG00000053747_at,GSM6380568,150,palate,0,4.671237916
LAMA3,ENSG00000053747_at,GSM6380569,150,palate,3,4.716366271
LAMA3,ENSG00000053747_at,GSM6380570,150,palate,7,4.746816447
LAMA3,ENSG00000053747_at,GSM6380571,153,skin,0,4.787369308
LAMA3,ENSG00000053747_at,GSM6380572,153,skin,3,5.034300873
LAMA3,ENSG00000053747_at,GSM6380573,153,skin,7,5.168759628
LAMA3,ENSG00000053747_at,GSM6380574,153,palate,0,4.991563762
LAMA3,ENSG00000053747_at,GSM6380575,153,palate,3,5.046217715
LAMA3,ENSG00000053747_at,GSM6380576,153,palate,7,5.009236517
LAMA3,ENSG00000053747_at,GSM6380577,155,skin,0,4.812464015
LAMA3,ENSG00000053747_at,GSM6380578,155,skin,3,4.863134391
LAMA3,ENSG00000053747_at,GSM6380579,155,skin,7,5.067370638
LAMA3,ENSG00000053747_at,GSM6380580,155,palate,0,5.0014332
LAMA3,ENSG00000053747_at,GSM6380581,155,palate,3,4.985830976
LAMA3,ENSG00000053747_at,GSM6380582,155,palate,7,4.725683818
MMP9,ENSG00000100985_at,GSM6380487,115,skin,1,7.771819428
MMP9,ENSG00000100985_at,GSM6380488,115,skin,3,9.450872332
MMP9,ENSG00000100985_at,GSM6380489,122,skin,1,7.506230701
MMP9,ENSG00000100985_at,GSM6380490,122,skin,3,11.10585397
MMP9,ENSG00000100985_at,GSM6380491,115,palate,0,5.592805635
MMP9,ENSG00000100985_at,GSM6380492,115,palate,1,8.968070407
MMP9,ENSG00000100985_at,GSM6380493,115,palate,3,8.20922478
MMP9,ENSG00000100985_at,GSM6380494,122,palate,0,6.053952834
MMP9,ENSG00000100985_at,GSM6380495,122,palate,1,9.973114901
MMP9,ENSG00000100985_at,GSM6380496,122,palate,3,9.477094497
MMP9,ENSG00000100985_at,GSM6380497,117,skin,0,7.044982445
MMP9,ENSG00000100985_at,GSM6380498,117,skin,3,11.32776053
MMP9,ENSG00000100985_at,GSM6380499,126,skin,0,6.005430209
MMP9,ENSG00000100985_at,GSM6380500,126,skin,1,10.21646211
MMP9,ENSG00000100985_at,GSM6380501,126,skin,3,11.91698981
MMP9,ENSG00000100985_at,GSM6380502,117,palate,0,5.936198805
MMP9,ENSG00000100985_at,GSM6380503,117,palate,1,7.326391303
MMP9,ENSG00000100985_at,GSM6380504,117,palate,3,8.995715824
MMP9,ENSG00000100985_at,GSM6380505,126,palate,0,6.172400726
MMP9,ENSG00000100985_at,GSM6380506,126,palate,1,11.50338749
MMP9,ENSG00000100985_at,GSM6380507,126,palate,3,8.000195801
MMP9,ENSG00000100985_at,GSM6380508,129,skin,0,5.665433314
MMP9,ENSG00000100985_at,GSM6380509,129,skin,1,9.31493951
MMP9,ENSG00000100985_at,GSM6380510,129,skin,0.25,7.916042951
MMP9,ENSG00000100985_at,GSM6380511,140,skin,0,7.654906552
MMP9,ENSG00000100985_at,GSM6380512,140,skin,1,7.898761397
MMP9,ENSG00000100985_at,GSM6380513,129,palate,0,5.51315534
MMP9,ENSG00000100985_at,GSM6380514,129,palate,1,9.76642941
MMP9,ENSG00000100985_at,GSM6380515,129,palate,0.25,8.797343873
MMP9,ENSG00000100985_at,GSM6380516,140,palate,0,5.84008452
MMP9,ENSG00000100985_at,GSM6380517,140,palate,1,10.9243609
MMP9,ENSG00000100985_at,GSM6380518,140,palate,0.25,8.486911595
MMP9,ENSG00000100985_at,GSM6380519,142,skin,0,5.68769735
MMP9,ENSG00000100985_at,GSM6380520,142,skin,1,8.766528034
MMP9,ENSG00000100985_at,GSM6380521,142,skin,0.25,6.964792494
MMP9,ENSG00000100985_at,GSM6380522,143,skin,0,5.870347217
MMP9,ENSG00000100985_at,GSM6380523,143,skin,1,9.231543554
MMP9,ENSG00000100985_at,GSM6380524,143,skin,0.25,7.400626727
MMP9,ENSG00000100985_at,GSM6380525,142,palate,0,5.74946914
MMP9,ENSG00000100985_at,GSM6380526,142,palate,1,9.815773649
MMP9,ENSG00000100985_at,GSM6380527,142,palate,0.25,8.33060388
MMP9,ENSG00000100985_at,GSM6380528,143,palate,0,5.767929012
MMP9,ENSG00000100985_at,GSM6380529,143,palate,1,10.92663319
MMP9,ENSG00000100985_at,GSM6380530,143,palate,0.25,7.883819106
MMP9,ENSG00000100985_at,GSM6380531,146,skin,0,6.263731255
MMP9,ENSG00000100985_at,GSM6380532,146,skin,1,9.290806679
MMP9,ENSG00000100985_at,GSM6380533,146,skin,0.25,6.476506866
MMP9,ENSG00000100985_at,GSM6380534,148,skin,0,6.360641683
MMP9,ENSG00000100985_at,GSM6380535,148,skin,0.25,8.577138895
MMP9,ENSG00000100985_at,GSM6380536,146,palate,0,5.879024641
MMP9,ENSG00000100985_at,GSM6380537,146,palate,1,10.44901121
MMP9,ENSG00000100985_at,GSM6380538,148,palate,0,5.839732749
MMP9,ENSG00000100985_at,GSM6380539,148,palate,1,10.89345046
MMP9,ENSG00000100985_at,GSM6380540,152,skin,0,5.537780315
MMP9,ENSG00000100985_at,GSM6380541,152,skin,1,9.476898064
MMP9,ENSG00000100985_at,GSM6380542,152,skin,0.25,8.454362686
MMP9,ENSG00000100985_at,GSM6380543,156,skin,0,7.782777347
MMP9,ENSG00000100985_at,GSM6380544,156,skin,1,8.937434136
MMP9,ENSG00000100985_at,GSM6380545,156,skin,0.25,8.012478803
MMP9,ENSG00000100985_at,GSM6380546,152,palate,0,6.143115003
MMP9,ENSG00000100985_at,GSM6380547,152,palate,1,11.55054379
MMP9,ENSG00000100985_at,GSM6380548,152,palate,0.25,8.808599241
MMP9,ENSG00000100985_at,GSM6380549,156,palate,0,6.45944463
MMP9,ENSG00000100985_at,GSM6380550,156,palate,1,9.336144438
MMP9,ENSG00000100985_at,GSM6380551,156,palate,0.25,7.978102976
MMP9,ENSG00000100985_at,GSM6380552,132,skin,7,8.227761953
MMP9,ENSG00000100985_at,GSM6380553,132,palate,0,5.552729178
MMP9,ENSG00000100985_at,GSM6380554,132,palate,3,8.321169826
MMP9,ENSG00000100985_at,GSM6380555,132,palate,7,7.294424151
MMP9,ENSG00000100985_at,GSM6380556,147,skin,0,6.090541051
MMP9,ENSG00000100985_at,GSM6380557,147,skin,3,11.11086298
MMP9,ENSG00000100985_at,GSM6380558,147,skin,7,10.06992073
MMP9,ENSG00000100985_at,GSM6380559,147,palate,0,5.434873291
MMP9,ENSG00000100985_at,GSM6380560,147,palate,3,10.23671568
MMP9,ENSG00000100985_at,GSM6380561,147,palate,7,7.804231324
MMP9,ENSG00000100985_at,GSM6380562,149,skin,3,7.89064231
MMP9,ENSG00000100985_at,GSM6380563,149,skin,7,8.07536398
MMP9,ENSG00000100985_at,GSM6380564,149,palate,3,6.563916612
MMP9,ENSG00000100985_at,GSM6380565,149,palate,7,5.743211527
MMP9,ENSG00000100985_at,GSM6380566,150,skin,3,8.63821998
MMP9,ENSG00000100985_at,GSM6380567,150,skin,7,9.314224903
MMP9,ENSG00000100985_at,GSM6380568,150,palate,0,5.143519007
MMP9,ENSG00000100985_at,GSM6380569,150,palate,3,6.177119859
MMP9,ENSG00000100985_at,GSM6380570,150,palate,7,5.507349281
MMP9,ENSG00000100985_at,GSM6380571,153,skin,0,5.483361193
MMP9,ENSG00000100985_at,GSM6380572,153,skin,3,8.900331062
MMP9,ENSG00000100985_at,GSM6380573,153,skin,7,8.17257784
MMP9,ENSG00000100985_at,GSM6380574,153,palate,0,7.258473048
MMP9,ENSG00000100985_at,GSM6380575,153,palate,3,7.071079926
MMP9,ENSG00000100985_at,GSM6380576,153,palate,7,8.337955483
MMP9,ENSG00000100985_at,GSM6380577,155,skin,0,6.271634135
MMP9,ENSG00000100985_at,GSM6380578,155,skin,3,10.29944068
MMP9,ENSG00000100985_at,GSM6380579,155,skin,7,9.19072333
MMP9,ENSG00000100985_at,GSM6380580,155,palate,0,5.509626724
MMP9,ENSG00000100985_at,GSM6380581,155,palate,3,8.581442855
MMP9,ENSG00000100985_at,GSM6380582,155,palate,7,5.985916062
TGFB1,ENSG00000105329_at,GSM6380487,115,skin,1,5.912289509
TGFB1,ENSG00000105329_at,GSM6380488,115,skin,3,5.83899716
TGFB1,ENSG00000105329_at,GSM6380489,122,skin,1,6.085876205
TGFB1,ENSG00000105329_at,GSM6380490,122,skin,3,6.905123743
TGFB1,ENSG00000105329_at,GSM6380491,115,palate,0,5.509868555
TGFB1,ENSG00000105329_at,GSM6380492,115,palate,1,5.718482705
TGFB1,ENSG00000105329_at,GSM6380493,115,palate,3,5.248514827
TGFB1,ENSG00000105329_at,GSM6380494,122,palate,0,5.401930871
TGFB1,ENSG00000105329_at,GSM6380495,122,palate,1,6.492596541
TGFB1,ENSG00000105329_at,GSM6380496,122,palate,3,6.847925699
TGFB1,ENSG00000105329_at,GSM6380497,117,skin,0,4.69722238
TGFB1,ENSG00000105329_at,GSM6380498,117,skin,3,6.345819377
TGFB1,ENSG00000105329_at,GSM6380499,126,skin,0,6.424337721
TGFB1,ENSG00000105329_at,GSM6380500,126,skin,1,6.98710229
TGFB1,ENSG00000105329_at,GSM6380501,126,skin,3,6.356771634
TGFB1,ENSG00000105329_at,GSM6380502,117,palate,0,5.487263004
TGFB1,ENSG00000105329_at,GSM6380503,117,palate,1,5.817697666
TGFB1,ENSG00000105329_at,GSM6380504,117,palate,3,5.408330426
TGFB1,ENSG00000105329_at,GSM6380505,126,palate,0,5.964619504
TGFB1,ENSG00000105329_at,GSM6380506,126,palate,1,6.543929214
TGFB1,ENSG00000105329_at,GSM6380507,126,palate,3,6.107943104
TGFB1,ENSG00000105329_at,GSM6380508,129,skin,0,5.567134054
TGFB1,ENSG00000105329_at,GSM6380509,129,skin,1,6.691882865
TGFB1,ENSG00000105329_at,GSM6380510,129,skin,0.25,6.253702437
TGFB1,ENSG00000105329_at,GSM6380511,140,skin,0,6.38686283
TGFB1,ENSG00000105329_at,GSM6380512,140,skin,1,6.829987616
TGFB1,ENSG00000105329_at,GSM6380513,129,palate,0,5.877768758
TGFB1,ENSG00000105329_at,GSM6380514,129,palate,1,6.263688903
TGFB1,ENSG00000105329_at,GSM6380515,129,palate,0.25,6.422039205
TGFB1,ENSG00000105329_at,GSM6380516,140,palate,0,6.031802499
TGFB1,ENSG00000105329_at,GSM6380517,140,palate,1,6.869735481
TGFB1,ENSG00000105329_at,GSM6380518,140,palate,0.25,6.473914219
TGFB1,ENSG00000105329_at,GSM6380519,142,skin,0,5.126204
TGFB1,ENSG00000105329_at,GSM6380520,142,skin,1,6.267409085
TGFB1,ENSG00000105329_at,GSM6380521,142,skin,0.25,5.778794593
TGFB1,ENSG00000105329_at,GSM6380522,143,skin,0,5.048708984
TGFB1,ENSG00000105329_at,GSM6380523,143,skin,1,7.174514303
TGFB1,ENSG00000105329_at,GSM6380524,143,skin,0.25,5.937582054
TGFB1,ENSG00000105329_at,GSM6380525,142,palate,0,5.5833097
TGFB1,ENSG00000105329_at,GSM6380526,142,palate,1,5.694360503
TGFB1,ENSG00000105329_at,GSM6380527,142,palate,0.25,5.890593999
TGFB1,ENSG00000105329_at,GSM6380528,143,palate,0,4.944102629
TGFB1,ENSG00000105329_at,GSM6380529,143,palate,1,5.98575748
TGFB1,ENSG00000105329_at,GSM6380530,143,palate,0.25,5.79888884
TGFB1,ENSG00000105329_at,GSM6380531,146,skin,0,5.188063171
TGFB1,ENSG00000105329_at,GSM6380532,146,skin,1,6.807754768
TGFB1,ENSG00000105329_at,GSM6380533,146,skin,0.25,4.948830729
TGFB1,ENSG00000105329_at,GSM6380534,148,skin,0,5.519387356
TGFB1,ENSG00000105329_at,GSM6380535,148,skin,0.25,6.073865405
TGFB1,ENSG00000105329_at,GSM6380536,146,palate,0,5.385865472
TGFB1,ENSG00000105329_at,GSM6380537,146,palate,1,6.225984658
TGFB1,ENSG00000105329_at,GSM6380538,148,palate,0,5.329444252
TGFB1,ENSG00000105329_at,GSM6380539,148,palate,1,6.33356926
TGFB1,ENSG00000105329_at,GSM6380540,152,skin,0,5.402117914
TGFB1,ENSG00000105329_at,GSM6380541,152,skin,1,6.261961599
TGFB1,ENSG00000105329_at,GSM6380542,152,skin,0.25,6.229956717
TGFB1,ENSG00000105329_at,GSM6380543,156,skin,0,5.425255348
TGFB1,ENSG00000105329_at,GSM6380544,156,skin,1,6.235001347
TGFB1,ENSG00000105329_at,GSM6380545,156,skin,0.25,6.15020818
TGFB1,ENSG00000105329_at,GSM6380546,152,palate,0,5.419267852
TGFB1,ENSG00000105329_at,GSM6380547,152,palate,1,6.537459354
TGFB1,ENSG00000105329_at,GSM6380548,152,palate,0.25,6.249722861
TGFB1,ENSG00000105329_at,GSM6380549,156,palate,0,5.471212001
TGFB1,ENSG00000105329_at,GSM6380550,156,palate,1,6.104322557
TGFB1,ENSG00000105329_at,GSM6380551,156,palate,0.25,6.253169132
TGFB1,ENSG00000105329_at,GSM6380552,132,skin,7,5.763136856
TGFB1,ENSG00000105329_at,GSM6380553,132,palate,0,5.704514605
TGFB1,ENSG00000105329_at,GSM6380554,132,palate,3,5.732359343
TGFB1,ENSG00000105329_at,GSM6380555,132,palate,7,5.678285764
TGFB1,ENSG00000105329_at,GSM6380556,147,skin,0,5.432323198
TGFB1,ENSG00000105329_at,GSM6380557,147,skin,3,6.487311197
TGFB1,ENSG00000105329_at,GSM6380558,147,skin,7,5.571266775
TGFB1,ENSG00000105329_at,GSM6380559,147,palate,0,5.622354822
TGFB1,ENSG00000105329_at,GSM6380560,147,palate,3,6.218688578
TGFB1,ENSG00000105329_at,GSM6380561,147,palate,7,5.094001367
TGFB1,ENSG00000105329_at,GSM6380562,149,skin,3,4.929621445
TGFB1,ENSG00000105329_at,GSM6380563,149,skin,7,5.806969434
TGFB1,ENSG00000105329_at,GSM6380564,149,palate,3,5.480824436
TGFB1,ENSG00000105329_at,GSM6380565,149,palate,7,5.71819654
TGFB1,ENSG00000105329_at,GSM6380566,150,skin,3,5.614719412
TGFB1,ENSG00000105329_at,GSM6380567,150,skin,7,6.520985443
TGFB1,ENSG00000105329_at,GSM6380568,150,palate,0,5.322792628
TGFB1,ENSG00000105329_at,GSM6380569,150,palate,3,5.579969191
TGFB1,ENSG00000105329_at,GSM6380570,150,palate,7,5.733715224
TGFB1,ENSG00000105329_at,GSM6380571,153,skin,0,5.285009576
TGFB1,ENSG00000105329_at,GSM6380572,153,skin,3,6.273147522
TGFB1,ENSG00000105329_at,GSM6380573,153,skin,7,5.719053618
TGFB1,ENSG00000105329_at,GSM6380574,153,palate,0,6.024795092
TGFB1,ENSG00000105329_at,GSM6380575,153,palate,3,5.924136352
TGFB1,ENSG00000105329_at,GSM6380576,153,palate,7,6.428354401
TGFB1,ENSG00000105329_at,GSM6380577,155,skin,0,5.871298319
TGFB1,ENSG00000105329_at,GSM6380578,155,skin,3,6.379991174
TGFB1,ENSG00000105329_at,GSM6380579,155,skin,7,6.450337667
TGFB1,ENSG00000105329_at,GSM6380580,155,palate,0,5.218037176
TGFB1,ENSG00000105329_at,GSM6380581,155,palate,3,5.875070783
TGFB1,ENSG00000105329_at,GSM6380582,155,palate,7,5.948638585
COL1A1,ENSG00000108821_at,GSM6380487,115,skin,1,6.368636667
COL1A1,ENSG00000108821_at,GSM6380488,115,skin,3,7.160502597
COL1A1,ENSG00000108821_at,GSM6380489,122,skin,1,7.222851123
COL1A1,ENSG00000108821_at,GSM6380490,122,skin,3,8.958765408
COL1A1,ENSG00000108821_at,GSM6380491,115,palate,0,7.739389789
COL1A1,ENSG00000108821_at,GSM6380492,115,palate,1,8.107046374
COL1A1,ENSG00000108821_at,GSM6380493,115,palate,3,7.811231471
COL1A1,ENSG00000108821_at,GSM6380494,122,palate,0,7.173472359
COL1A1,ENSG00000108821_at,GSM6380495,122,palate,1,6.963266576
COL1A1,ENSG00000108821_at,GSM6380496,122,palate,3,9.176445095
COL1A1,ENSG00000108821_at,GSM6380497,117,skin,0,7.713869305
COL1A1,ENSG00000108821_at,GSM6380498,117,skin,3,8.550201065
COL1A1,ENSG00000108821_at,GSM6380499,126,skin,0,8.183979749
COL1A1,ENSG00000108821_at,GSM6380500,126,skin,1,8.037613016
COL1A1,ENSG00000108821_at,GSM6380501,126,skin,3,9.027222894
COL1A1,ENSG00000108821_at,GSM6380502,117,palate,0,7.027210275
COL1A1,ENSG00000108821_at,GSM6380503,117,palate,1,8.628734303
COL1A1,ENSG00000108821_at,GSM6380504,117,palate,3,7.781398473
COL1A1,ENSG00000108821_at,GSM6380505,126,palate,0,8.498654923
COL1A1,ENSG00000108821_at,GSM6380506,126,palate,1,8.909391217
COL1A1,ENSG00000108821_at,GSM6380507,126,palate,3,9.718369746
COL1A1,ENSG00000108821_at,GSM6380508,129,skin,0,7.289888872
COL1A1,ENSG00000108821_at,GSM6380509,129,skin,1,7.447993377
COL1A1,ENSG00000108821_at,GSM6380510,129,skin,0.25,6.669897583
COL1A1,ENSG00000108821_at,GSM6380511,140,skin,0,7.747355771
COL1A1,ENSG00000108821_at,GSM6380512,140,skin,1,7.516215109
COL1A1,ENSG00000108821_at,GSM6380513,129,palate,0,8.605461044
COL1A1,ENSG00000108821_at,GSM6380514,129,palate,1,8.716641112
COL1A1,ENSG00000108821_at,GSM6380515,129,palate,0.25,9.449097437
COL1A1,ENSG00000108821_at,GSM6380516,140,palate,0,8.938472468
COL1A1,ENSG00000108821_at,GSM6380517,140,palate,1,7.56110224
COL1A1,ENSG00000108821_at,GSM6380518,140,palate,0.25,8.164277191
COL1A1,ENSG00000108821_at,GSM6380519,142,skin,0,8.214923422
COL1A1,ENSG00000108821_at,GSM6380520,142,skin,1,8.854767373
COL1A1,ENSG00000108821_at,GSM6380521,142,skin,0.25,8.915302657
COL1A1,ENSG00000108821_at,GSM6380522,143,skin,0,7.692809998
COL1A1,ENSG00000108821_at,GSM6380523,143,skin,1,7.133283681
COL1A1,ENSG00000108821_at,GSM6380524,143,skin,0.25,7.363542208
COL1A1,ENSG00000108821_at,GSM6380525,142,palate,0,9.410147512
COL1A1,ENSG00000108821_at,GSM6380526,142,palate,1,9.037791545
COL1A1,ENSG00000108821_at,GSM6380527,142,palate,0.25,8.597299604
COL1A1,ENSG00000108821_at,GSM6380528,143,palate,0,8.473690581
COL1A1,ENSG00000108821_at,GSM6380529,143,palate,1,9.213950786
COL1A1,ENSG00000108821_at,GSM6380530,143,palate,0.25,9.677444719
COL1A1,ENSG00000108821_at,GSM6380531,146,skin,0,8.017461649
COL1A1,ENSG00000108821_at,GSM6380532,146,skin,1,8.441554173
COL1A1,ENSG00000108821_at,GSM6380533,146,skin,0.25,9.099286244
COL1A1,ENSG00000108821_at,GSM6380534,148,skin,0,7.42969309
COL1A1,ENSG00000108821_at,GSM6380535,148,skin,0.25,8.004900098
COL1A1,ENSG00000108821_at,GSM6380536,146,palate,0,8.333643206
COL1A1,ENSG00000108821_at,GSM6380537,146,palate,1,9.367875499
COL1A1,ENSG00000108821_at,GSM6380538,148,palate,0,7.891615705
COL1A1,ENSG00000108821_at,GSM6380539,148,palate,1,8.021323831
COL1A1,ENSG00000108821_at,GSM6380540,152,skin,0,8.607313202
COL1A1,ENSG00000108821_at,GSM6380541,152,skin,1,8.240753058
COL1A1,ENSG00000108821_at,GSM6380542,152,skin,0.25,7.574118634
COL1A1,ENSG00000108821_at,GSM6380543,156,skin,0,8.910551207
COL1A1,ENSG00000108821_at,GSM6380544,156,skin,1,8.600783909
COL1A1,ENSG00000108821_at,GSM6380545,156,skin,0.25,9.210636946
COL1A1,ENSG00000108821_at,GSM6380546,152,palate,0,7.753920752
COL1A1,ENSG00000108821_at,GSM6380547,152,palate,1,9.284454463
COL1A1,ENSG00000108821_at,GSM6380548,152,palate,0.25,9.057893508
COL1A1,ENSG00000108821_at,GSM6380549,156,palate,0,8.454074446
COL1A1,ENSG00000108821_at,GSM6380550,156,palate,1,8.128896293
COL1A1,ENSG00000108821_at,GSM6380551,156,palate,0.25,10.38427274
COL1A1,ENSG00000108821_at,GSM6380552,132,skin,7,9.873117214
COL1A1,ENSG00000108821_at,GSM6380553,132,palate,0,8.842890163
COL1A1,ENSG00000108821_at,GSM6380554,132,palate,3,9.275022821
COL1A1,ENSG00000108821_at,GSM6380555,132,palate,7,9.723867219
COL1A1,ENSG00000108821_at,GSM6380556,147,skin,0,8.009109306
COL1A1,ENSG00000108821_at,GSM6380557,147,skin,3,8.265688872
COL1A1,ENSG00000108821_at,GSM6380558,147,skin,7,7.477891228
COL1A1,ENSG00000108821_at,GSM6380559,147,palate,0,8.202946947
COL1A1,ENSG00000108821_at,GSM6380560,147,palate,3,8.924643018
COL1A1,ENSG00000108821_at,GSM6380561,147,palate,7,8.608465728
COL1A1,ENSG00000108821_at,GSM6380562,149,skin,3,7.376503041
COL1A1,ENSG00000108821_at,GSM6380563,149,skin,7,9.685439237
COL1A1,ENSG00000108821_at,GSM6380564,149,palate,3,8.323266655
COL1A1,ENSG00000108821_at,GSM6380565,149,palate,7,9.743499001
COL1A1,ENSG00000108821_at,GSM6380566,150,skin,3,7.691742549
COL1A1,ENSG00000108821_at,GSM6380567,150,skin,7,10.00619424
COL1A1,ENSG00000108821_at,GSM6380568,150,palate,0,7.04203612
COL1A1,ENSG00000108821_at,GSM6380569,150,palate,3,7.571936451
COL1A1,ENSG00000108821_at,GSM6380570,150,palate,7,9.434180274
COL1A1,ENSG00000108821_at,GSM6380571,153,skin,0,6.856799802
COL1A1,ENSG00000108821_at,GSM6380572,153,skin,3,8.011795642
COL1A1,ENSG00000108821_at,GSM6380573,153,skin,7,9.647804333
COL1A1,ENSG00000108821_at,GSM6380574,153,palate,0,7.905537723
COL1A1,ENSG00000108821_at,GSM6380575,153,palate,3,8.740045996
COL1A1,ENSG00000108821_at,GSM6380576,153,palate,7,10.29058389
COL1A1,ENSG00000108821_at,GSM6380577,155,skin,0,9.566627376
COL1A1,ENSG00000108821_at,GSM6380578,155,skin,3,8.249656822
COL1A1,ENSG00000108821_at,GSM6380579,155,skin,7,9.108662159
COL1A1,ENSG00000108821_at,GSM6380580,155,palate,0,8.489290147
COL1A1,ENSG00000108821_at,GSM6380581,155,palate,3,8.868782497
COL1A1,ENSG00000108821_at,GSM6380582,155,palate,7,9.590758518
VEGFA,ENSG00000112715_at,GSM6380487,115,skin,1,6.762020319
VEGFA,ENSG00000112715_at,GSM6380488,115,skin,3,6.579063832
VEGFA,ENSG00000112715_at,GSM6380489,122,skin,1,6.617147684
VEGFA,ENSG00000112715_at,GSM6380490,122,skin,3,7.040834247
VEGFA,ENSG00000112715_at,GSM6380491,115,palate,0,5.939588398
VEGFA,ENSG00000112715_at,GSM6380492,115,palate,1,6.528111967
VEGFA,ENSG00000112715_at,GSM6380493,115,palate,3,6.076183014
VEGFA,ENSG00000112715_at,GSM6380494,122,palate,0,6.604509836
VEGFA,ENSG00000112715_at,GSM6380495,122,palate,1,7.543474132
VEGFA,ENSG00000112715_at,GSM6380496,122,palate,3,6.597646349
VEGFA,ENSG00000112715_at,GSM6380497,117,skin,0,5.537666589
VEGFA,ENSG00000112715_at,GSM6380498,117,skin,3,6.617004598
VEGFA,ENSG00000112715_at,GSM6380499,126,skin,0,5.920526664
VEGFA,ENSG00000112715_at,GSM6380500,126,skin,1,7.177247005
VEGFA,ENSG00000112715_at,GSM6380501,126,skin,3,6.909902305
VEGFA,ENSG00000112715_at,GSM6380502,117,palate,0,6.332105021
VEGFA,ENSG00000112715_at,GSM6380503,117,palate,1,7.328648547
VEGFA,ENSG00000112715_at,GSM6380504,117,palate,3,5.94805956
VEGFA,ENSG00000112715_at,GSM6380505,126,palate,0,6.339842601
VEGFA,ENSG00000112715_at,GSM6380506,126,palate,1,6.874474062
VEGFA,ENSG00000112715_at,GSM6380507,126,palate,3,6.40359887
VEGFA,ENSG00000112715_at,GSM6380508,129,skin,0,6.214347741
VEGFA,ENSG00000112715_at,GSM6380509,129,skin,1,6.801881367
VEGFA,ENSG00000112715_at,GSM6380510,129,skin,0.25,8.697760585
VEGFA,ENSG00000112715_at,GSM6380511,140,skin,0,8.072338962
VEGFA,ENSG00000112715_at,GSM6380512,140,skin,1,6.728318797
VEGFA,ENSG00000112715_at,GSM6380513,129,palate,0,6.680856818
VEGFA,ENSG00000112715_at,GSM6380514,129,palate,1,6.606639204
VEGFA,ENSG00000112715_at,GSM6380515,129,palate,0.25,7.605864813
VEGFA,ENSG00000112715_at,GSM6380516,140,palate,0,7.106103872
VEGFA,ENSG00000112715_at,GSM6380517,140,palate,1,7.012176684
VEGFA,ENSG00000112715_at,GSM6380518,140,palate,0.25,7.947277832
VEGFA,ENSG00000112715_at,GSM6380519,142,skin,0,5.495461244
VEGFA,ENSG00000112715_at,GSM6380520,142,skin,1,6.324963356
VEGFA,ENSG00000112715_at,GSM6380521,142,skin,0.25,8.220128477
VEGFA,ENSG00000112715_at,GSM6380522,143,skin,0,5.530870494
VEGFA,ENSG00000112715_at,GSM6380523,143,skin,1,6.947367466
VEGFA,ENSG00000112715_at,GSM6380524,143,skin,0.25,8.065785936
VEGFA,ENSG00000112715_at,GSM6380525,142,palate,0,6.357323309
VEGFA,ENSG00000112715_at,GSM6380526,142,palate,1,6.934317991
VEGFA,ENSG00000112715_at,GSM6380527,142,palate,0.25,7.911273441
VEGFA,ENSG00000112715_at,GSM6380528,143,palate,0,6.61131093
VEGFA,ENSG00000112715_at,GSM6380529,143,palate,1,7.057085796
VEGFA,ENSG00000112715_at,GSM6380530,143,palate,0.25,7.399038208
VEGFA,ENSG00000112715_at,GSM6380531,146,skin,0,5.746317408
VEGFA,ENSG00000112715_at,GSM6380532,146,skin,1,6.942384669
VEGFA,ENSG00000112715_at,GSM6380533,146,skin,0.25,7.366841888
VEGFA,ENSG00000112715_at,GSM6380534,148,skin,0,5.438575574
VEGFA,ENSG00000112715_at,GSM6380535,148,skin,0.25,8.093793018
VEGFA,ENSG00000112715_at,GSM6380536,146,palate,0,6.850117866
VEGFA,ENSG00000112715_at,GSM6380537,146,palate,1,6.534197251
VEGFA,ENSG00000112715_at,GSM6380538,148,palate,0,6.133829703
VEGFA,ENSG00000112715_at,GSM6380539,148,palate,1,7.460931009
VEGFA,ENSG00000112715_at,GSM6380540,152,skin,0,5.537412813
VEGFA,ENSG00000112715_at,GSM6380541,152,skin,1,6.109014925
VEGFA,ENSG00000112715_at,GSM6380542,152,skin,0.25,8.449879565
VEGFA,ENSG00000112715_at,GSM6380543,156,skin,0,5.796000352
VEGFA,ENSG00000112715_at,GSM6380544,156,skin,1,6.620847825
VEGFA,ENSG00000112715_at,GSM6380545,156,skin,0.25,7.914653638
VEGFA,ENSG00000112715_at,GSM6380546,152,palate,0,6.630100028
VEGFA,ENSG00000112715_at,GSM6380547,152,palate,1,6.614636925
VEGFA,ENSG00000112715_at,GSM6380548,152,palate,0.25,7.343005538
VEGFA,ENSG00000112715_at,GSM6380549,156,palate,0,6.370113291
VEGFA,ENSG00000112715_at,GSM6380550,156,palate,1,6.561804732
VEGFA,ENSG00000112715_at,GSM6380551,156,palate,0.25,7.737908119
VEGFA,ENSG00000112715_at,GSM6380552,132,skin,7,6.414180015
VEGFA,ENSG00000112715_at,GSM6380553,132,palate,0,6.433825876
VEGFA,ENSG00000112715_at,GSM6380554,132,palate,3,6.357833799
VEGFA,ENSG00000112715_at,GSM6380555,132,palate,7,6.204034172
VEGFA,ENSG00000112715_at,GSM6380556,147,skin,0,5.295527403
VEGFA,ENSG00000112715_at,GSM6380557,147,skin,3,6.550868106
VEGFA,ENSG00000112715_at,GSM6380558,147,skin,7,7.564488454
VEGFA,ENSG00000112715_at,GSM6380559,147,palate,0,6.346047594
VEGFA,ENSG00000112715_at,GSM6380560,147,palate,3,7.210199004
VEGFA,ENSG00000112715_at,GSM6380561,147,palate,7,6.551380022
VEGFA,ENSG00000112715_at,GSM6380562,149,skin,3,6.618496998
VEGFA,ENSG00000112715_at,GSM6380563,149,skin,7,5.61552533
VEGFA,ENSG00000112715_at,GSM6380564,149,palate,3,5.784579148
VEGFA,ENSG00000112715_at,GSM6380565,149,palate,7,5.791861751
VEGFA,ENSG00000112715_at,GSM6380566,150,skin,3,6.452175401
VEGFA,ENSG00000112715_at,GSM6380567,150,skin,7,6.266837886
VEGFA,ENSG00000112715_at,GSM6380568,150,palate,0,6.546066091
VEGFA,ENSG00000112715_at,GSM6380569,150,palate,3,6.195887126
VEGFA,ENSG00000112715_at,GSM6380570,150,palate,7,6.842593632
VEGFA,ENSG00000112715_at,GSM6380571,153,skin,0,5.650857416
VEGFA,ENSG00000112715_at,GSM6380572,153,skin,3,7.389787318
VEGFA,ENSG00000112715_at,GSM6380573,153,skin,7,6.580106793
VEGFA,ENSG00000112715_at,GSM6380574,153,palate,0,6.679663135
VEGFA,ENSG00000112715_at,GSM6380575,153,palate,3,6.591303237
VEGFA,ENSG00000112715_at,GSM6380576,153,palate,7,6.098839429
VEGFA,ENSG00000112715_at,GSM6380577,155,skin,0,6.354552478
VEGFA,ENSG00000112715_at,GSM6380578,155,skin,3,6.904633142
VEGFA,ENSG00000112715_at,GSM6380579,155,skin,7,6.095182513
VEGFA,ENSG00000112715_at,GSM6380580,155,palate,0,6.370897721
VEGFA,ENSG00000112715_at,GSM6380581,155,palate,3,6.496537478
VEGFA,ENSG00000112715_at,GSM6380582,155,palate,7,6.140088494
COL7A1,ENSG00000114270_at,GSM6380487,115,skin,1,6.43798124
COL7A1,ENSG00000114270_at,GSM6380488,115,skin,3,6.828885037
COL7A1,ENSG00000114270_at,GSM6380489,122,skin,1,6.784355344
COL7A1,ENSG00000114270_at,GSM6380490,122,skin,3,8.006107346
COL7A1,ENSG00000114270_at,GSM6380491,115,palate,0,8.013012069
COL7A1,ENSG00000114270_at,GSM6380492,115,palate,1,6.891357637
COL7A1,ENSG00000114270_at,GSM6380493,115,palate,3,6.708257657
COL7A1,ENSG00000114270_at,GSM6380494,122,palate,0,8.354233881
COL7A1,ENSG00000114270_at,GSM6380495,122,palate,1,7.734970023
COL7A1,ENSG00000114270_at,GSM6380496,122,palate,3,8.352387765
COL7A1,ENSG00000114270_at,GSM6380497,117,skin,0,6.611168555
COL7A1,ENSG00000114270_at,GSM6380498,117,skin,3,7.946435177
COL7A1,ENSG00000114270_at,GSM6380499,126,skin,0,7.892659123
COL7A1,ENSG00000114270_at,GSM6380500,126,skin,1,7.01353159
COL7A1,ENSG00000114270_at,GSM6380501,126,skin,3,8.387801748
COL7A1,ENSG00000114270_at,GSM6380502,117,palate,0,7.176412144
COL7A1,ENSG00000114270_at,GSM6380503,117,palate,1,6.705206875
COL7A1,ENSG00000114270_at,GSM6380504,117,palate,3,7.212530992
COL7A1,ENSG00000114270_at,GSM6380505,126,palate,0,8.606169588
COL7A1,ENSG00000114270_at,GSM6380506,126,palate,1,7.58896746
COL7A1,ENSG00000114270_at,GSM6380507,126,palate,3,8.407514422
COL7A1,ENSG00000114270_at,GSM6380508,129,skin,0,8.224131193
COL7A1,ENSG00000114270_at,GSM6380509,129,skin,1,6.738791941
COL7A1,ENSG00000114270_at,GSM6380510,129,skin,0.25,6.752224423
COL7A1,ENSG00000114270_at,GSM6380511,140,skin,0,7.042752409
COL7A1,ENSG00000114270_at,GSM6380512,140,skin,1,6.406983928
COL7A1,ENSG00000114270_at,GSM6380513,129,palate,0,8.104880318
COL7A1,ENSG00000114270_at,GSM6380514,129,palate,1,7.603256572
COL7A1,ENSG00000114270_at,GSM6380515,129,palate,0.25,7.309753853
COL7A1,ENSG00000114270_at,GSM6380516,140,palate,0,8.414657563
COL7A1,ENSG00000114270_at,GSM6380517,140,palate,1,7.075852408
COL7A1,ENSG00000114270_at,GSM6380518,140,palate,0.25,7.446834614
COL7A1,ENSG00000114270_at,GSM6380519,142,skin,0,8.110922512
COL7A1,ENSG00000114270_at,GSM6380520,142,skin,1,6.652700135
COL7A1,ENSG00000114270_at,GSM6380521,142,skin,0.25,7.440624139
COL7A1,ENSG00000114270_at,GSM6380522,143,skin,0,8.092120644
COL7A1,ENSG00000114270_at,GSM6380523,143,skin,1,6.17619112
COL7A1,ENSG00000114270_at,GSM6380524,143,skin,0.25,6.904571762
COL7A1,ENSG00000114270_at,GSM6380525,142,palate,0,7.977569924
COL7A1,ENSG00000114270_at,GSM6380526,142,palate,1,7.586972675
COL7A1,ENSG00000114270_at,GSM6380527,142,palate,0.25,7.714769428
COL7A1,ENSG00000114270_at,GSM6380528,143,palate,0,7.892457509
COL7A1,ENSG00000114270_at,GSM6380529,143,palate,1,7.495651014
COL7A1,ENSG00000114270_at,GSM6380530,143,palate,0.25,7.586775869
COL7A1,ENSG00000114270_at,GSM6380531,146,skin,0,7.068385463
COL7A1,ENSG00000114270_at,GSM6380532,146,skin,1,6.27281788
COL7A1,ENSG00000114270_at,GSM6380533,146,skin,0.25,6.160101313
COL7A1,ENSG00000114270_at,GSM6380534,148,skin,0,7.76114049
COL7A1,ENSG00000114270_at,GSM6380535,148,skin,0.25,6.569609185
COL7A1,ENSG00000114270_at,GSM6380536,146,palate,0,7.677261558
COL7A1,ENSG00000114270_at,GSM6380537,146,palate,1,7.30078
COL7A1,ENSG00000114270_at,GSM6380538,148,palate,0,8.026745835
COL7A1,ENSG00000114270_at,GSM6380539,148,palate,1,7.734141778
COL7A1,ENSG00000114270_at,GSM6380540,152,skin,0,8.138461166
COL7A1,ENSG00000114270_at,GSM6380541,152,skin,1,7.302108587
COL7A1,ENSG00000114270_at,GSM6380542,152,skin,0.25,6.776041144
COL7A1,ENSG00000114270_at,GSM6380543,156,skin,0,8.05872696
COL7A1,ENSG00000114270_at,GSM6380544,156,skin,1,6.38505429
COL7A1,ENSG00000114270_at,GSM6380545,156,skin,0.25,7.402008952
COL7A1,ENSG00000114270_at,GSM6380546,152,palate,0,8.15282776
COL7A1,ENSG00000114270_at,GSM6380547,152,palate,1,7.776272182
COL7A1,ENSG00000114270_at,GSM6380548,152,palate,0.25,7.518634195
COL7A1,ENSG00000114270_at,GSM6380549,156,palate,0,8.057526569
COL7A1,ENSG00000114270_at,GSM6380550,156,palate,1,7.42948778
COL7A1,ENSG00000114270_at,GSM6380551,156,palate,0.25,7.552103928
COL7A1,ENSG00000114270_at,GSM6380552,132,skin,7,8.581281847
COL7A1,ENSG00000114270_at,GSM6380553,132,palate,0,8.077027214
COL7A1,ENSG00000114270_at,GSM6380554,132,palate,3,8.195792374
COL7A1,ENSG00000114270_at,GSM6380555,132,palate,7,8.152629766
COL7A1,ENSG00000114270_at,GSM6380556,147,skin,0,7.546126981
COL7A1,ENSG00000114270_at,GSM6380557,147,skin,3,7.300521017
COL7A1,ENSG00000114270_at,GSM6380558,147,skin,7,7.886249578
COL7A1,ENSG00000114270_at,GSM6380559,147,palate,0,7.916743692
COL7A1,ENSG00000114270_at,GSM6380560,147,palate,3,8.202559079
COL7A1,ENSG00000114270_at,GSM6380561,147,palate,7,8.506789192
COL7A1,ENSG00000114270_at,GSM6380562,149,skin,3,7.708673834
COL7A1,ENSG00000114270_at,GSM6380563,149,skin,7,8.56043677
COL7A1,ENSG00000114270_at,GSM6380564,149,palate,3,7.591153404
COL7A1,ENSG00000114270_at,GSM6380565,149,palate,7,8.467595801
COL7A1,ENSG00000114270_at,GSM6380566,150,skin,3,8.050793243
COL7A1,ENSG00000114270_at,GSM6380567,150,skin,7,8.963536174
COL7A1,ENSG00000114270_at,GSM6380568,150,palate,0,7.931898948
COL7A1,ENSG00000114270_at,GSM6380569,150,palate,3,6.951285868
COL7A1,ENSG00000114270_at,GSM6380570,150,palate,7,8.435688726
COL7A1,ENSG00000114270_at,GSM6380571,153,skin,0,7.777640987
COL7A1,ENSG00000114270_at,GSM6380572,153,skin,3,7.463767913
COL7A1,ENSG00000114270_at,GSM6380573,153,skin,7,8.810171433
COL7A1,ENSG00000114270_at,GSM6380574,153,palate,0,8.599193635
COL7A1,ENSG00000114270_at,GSM6380575,153,palate,3,8.393243103
COL7A1,ENSG00000114270_at,GSM6380576,153,palate,7,9.25023202
COL7A1,ENSG00000114270_at,GSM6380577,155,skin,0,8.622809684
COL7A1,ENSG00000114270_at,GSM6380578,155,skin,3,7.99248952
COL7A1,ENSG00000114270_at,GSM6380579,155,skin,7,8.754065865
COL7A1,ENSG00000114270_at,GSM6380580,155,palate,0,8.183275389
COL7A1,ENSG00000114270_at,GSM6380581,155,palate,3,8.41998125
COL7A1,ENSG00000114270_at,GSM6380582,155,palate,7,8.619239259
FN1,ENSG00000115414_at,GSM6380487,115,skin,1,4.625024655
FN1,ENSG00000115414_at,GSM6380488,115,skin,3,4.580272946
FN1,ENSG00000115414_at,GSM6380489,122,skin,1,4.933501056
FN1,ENSG00000115414_at,GSM6380490,122,skin,3,5.267697817
FN1,ENSG00000115414_at,GSM6380491,115,palate,0,4.362936259
FN1,ENSG00000115414_at,GSM6380492,115,palate,1,4.527656763
FN1,ENSG00000115414_at,GSM6380493,115,palate,3,4.708967777
FN1,ENSG00000115414_at,GSM6380494,122,palate,0,4.235778475
FN1,ENSG00000115414_at,GSM6380495,122,palate,1,4.494081656
FN1,ENSG00000115414_at,GSM6380496,122,palate,3,4.753920144
FN1,ENSG00000115414_at,GSM6380497,117,skin,0,4.403774386
FN1,ENSG00000115414_at,GSM6380498,117,skin,3,5.20513022
FN1,ENSG00000115414_at,GSM6380499,126,skin,0,4.601144488
FN1,ENSG00000115414_at,GSM6380500,126,skin,1,4.572098473
FN1,ENSG00000115414_at,GSM6380501,126,skin,3,5.084546083
FN1,ENSG00000115414_at,GSM6380502,117,palate,0,4.439203033
FN1,ENSG00000115414_at,GSM6380503,117,palate,1,4.734636211
FN1,ENSG00000115414_at,GSM6380504,117,palate,3,4.44426182
FN1,ENSG00000115414_at,GSM6380505,126,palate,0,4.271166642
FN1,ENSG00000115414_at,GSM6380506,126,palate,1,4.900400097
FN1,ENSG00000115414_at,GSM6380507,126,palate,3,4.904176988
FN1,ENSG00000115414_at,GSM6380508,129,skin,0,4.561589417
FN1,ENSG00000115414_at,GSM6380509,129,skin,1,4.602441532
FN1,ENSG00000115414_at,GSM6380510,129,skin,0.25,4.968004286
FN1,ENSG00000115414_at,GSM6380511,140,skin,0,5.316971957
FN1,ENSG00000115414_at,GSM6380512,140,skin,1,4.719128284
FN1,ENSG00000115414_at,GSM6380513,129,palate,0,4.496735939
FN1,ENSG00000115414_at,GSM6380514,129,palate,1,5.064329637
FN1,ENSG00000115414_at,GSM6380515,129,palate,0.25,4.93329823
FN1,ENSG00000115414_at,GSM6380516,140,palate,0,4.421740369
FN1,ENSG00000115414_at,GSM6380517,140,palate,1,4.804995303
FN1,ENSG00000115414_at,GSM6380518,140,palate,0.25,4.510834707
FN1,ENSG00000115414_at,GSM6380519,142,skin,0,4.713521588
FN1,ENSG00000115414_at,GSM6380520,142,skin,1,5.383942164
FN1,ENSG00000115414_at,GSM6380521,142,skin,0.25,5.358016753
FN1,ENSG00000115414_at,GSM6380522,143,skin,0,4.892242884
FN1,ENSG00000115414_at,GSM6380523,143,skin,1,4.925089852
FN1,ENSG00000115414_at,GSM6380524,143,skin,0.25,5.135459096
FN1,ENSG00000115414_at,GSM6380525,142,palate,0,4.766915939
FN1,ENSG00000115414_at,GSM6380526,142,palate,1,4.924082314
FN1,ENSG00000115414_at,GSM6380527,142,palate,0.25,4.581565185
FN1,ENSG00000115414_at,GSM6380528,143,palate,0,4.222774618
FN1,ENSG00000115414_at,GSM6380529,143,palate,1,4.900048058
FN1,ENSG00000115414_at,GSM6380530,143,palate,0.25,4.841804475
FN1,ENSG00000115414_at,GSM6380531,146,skin,0,4.888161365
FN1,ENSG00000115414_at,GSM6380532,146,skin,1,4.916840226
FN1,ENSG00000115414_at,GSM6380533,146,skin,0.25,5.626351525
FN1,ENSG00000115414_at,GSM6380534,148,skin,0,4.524620256
FN1,ENSG00000115414_at,GSM6380535,148,skin,0.25,4.784321878
FN1,ENSG00000115414_at,GSM6380536,146,palate,0,4.387667204
FN1,ENSG00000115414_at,GSM6380537,146,palate,1,5.26185202
FN1,ENSG00000115414_at,GSM6380538,148,palate,0,4.418519172
FN1,ENSG00000115414_at,GSM6380539,148,palate,1,4.726353345
FN1,ENSG00000115414_at,GSM6380540,152,skin,0,5.005872451
FN1,ENSG00000115414_at,GSM6380541,152,skin,1,4.67965269
FN1,ENSG00000115414_at,GSM6380542,152,skin,0.25,4.904077826
FN1,ENSG00000115414_at,GSM6380543,156,skin,0,4.96960731
FN1,ENSG00000115414_at,GSM6380544,156,skin,1,5.324805431
FN1,ENSG00000115414_at,GSM6380545,156,skin,0.25,5.356767421
FN1,ENSG00000115414_at,GSM6380546,152,palate,0,4.285281486
FN1,ENSG00000115414_at,GSM6380547,152,palate,1,5.020538361
FN1,ENSG00000115414_at,GSM6380548,152,palate,0.25,4.79475474
FN1,ENSG00000115414_at,GSM6380549,156,palate,0,4.370185619
FN1,ENSG00000115414_at,GSM6380550,156,palate,1,4.784196409
FN1,ENSG00000115414_at,GSM6380551,156,palate,0.25,5.677891265
FN1,ENSG00000115414_at,GSM6380552,132,skin,7,5.47288929
FN1,ENSG00000115414_at,GSM6380553,132,palate,0,4.294891919
FN1,ENSG00000115414_at,GSM6380554,132,palate,3,4.842478663
FN1,ENSG00000115414_at,GSM6380555,132,palate,7,5.199606562
FN1,ENSG00000115414_at,GSM6380556,147,skin,0,4.70178356
FN1,ENSG00000115414_at,GSM6380557,147,skin,3,4.897067254
FN1,ENSG00000115414_at,GSM6380558,147,skin,7,4.285452647
FN1,ENSG00000115414_at,GSM6380559,147,palate,0,4.228157279
FN1,ENSG00000115414_at,GSM6380560,147,palate,3,4.97197322
FN1,ENSG00000115414_at,GSM6380561,147,palate,7,4.965489469
FN1,ENSG00000115414_at,GSM6380562,149,skin,3,4.928298311
FN1,ENSG00000115414_at,GSM6380563,149,skin,7,5.437018446
FN1,ENSG00000115414_at,GSM6380564,149,palate,3,5.172047884
FN1,ENSG00000115414_at,GSM6380565,149,palate,7,5.091438407
FN1,ENSG00000115414_at,GSM6380566,150,skin,3,4.814311854
FN1,ENSG00000115414_at,GSM6380567,150,skin,7,5.373978105
FN1,ENSG00000115414_at,GSM6380568,150,palate,0,4.224156502
FN1,ENSG00000115414_at,GSM6380569,150,palate,3,4.499080971
FN1,ENSG00000115414_at,GSM6380570,150,palate,7,4.81289122
FN1,ENSG00000115414_at,GSM6380571,153,skin,0,4.392698292
FN1,ENSG00000115414_at,GSM6380572,153,skin,3,4.770815621
FN1,ENSG00000115414_at,GSM6380573,153,skin,7,5.559840148
FN1,ENSG00000115414_at,GSM6380574,153,palate,0,4.316131377
FN1,ENSG00000115414_at,GSM6380575,153,palate,3,4.762196483
FN1,ENSG00000115414_at,GSM6380576,153,palate,7,5.585301645
FN1,ENSG00000115414_at,GSM6380577,155,skin,0,5.058996515
FN1,ENSG00000115414_at,GSM6380578,155,skin,3,4.490304566
FN1,ENSG00000115414_at,GSM6380579,155,skin,7,4.89754783
FN1,ENSG00000115414_at,GSM6380580,155,palate,0,4.320239383
FN1,ENSG00000115414_at,GSM6380581,155,palate,3,4.436953334
FN1,ENSG00000115414_at,GSM6380582,155,palate,7,4.885273835
FMOD,ENSG00000122176_at,GSM6380487,115,skin,1,7.16011558
FMOD,ENSG00000122176_at,GSM6380488,115,skin,3,7.319435073
FMOD,ENSG00000122176_at,GSM6380489,122,skin,1,6.817229074
FMOD,ENSG00000122176_at,GSM6380490,122,skin,3,7.785954262
FMOD,ENSG00000122176_at,GSM6380491,115,palate,0,7.72849649
FMOD,ENSG00000122176_at,GSM6380492,115,palate,1,8.369668731
FMOD,ENSG00000122176_at,GSM6380493,115,palate,3,7.889102922
FMOD,ENSG00000122176_at,GSM6380494,122,palate,0,7.223874967
FMOD,ENSG00000122176_at,GSM6380495,122,palate,1,8.316778651
FMOD,ENSG00000122176_at,GSM6380496,122,palate,3,8.003280284
FMOD,ENSG00000122176_at,GSM6380497,117,skin,0,7.523377304
FMOD,ENSG00000122176_at,GSM6380498,117,skin,3,8.378036296
FMOD,ENSG00000122176_at,GSM6380499,126,skin,0,6.961826556
FMOD,ENSG00000122176_at,GSM6380500,126,skin,1,6.965962218
FMOD,ENSG00000122176_at,GSM6380501,126,skin,3,7.807888341
FMOD,ENSG00000122176_at,GSM6380502,117,palate,0,7.605401714
FMOD,ENSG00000122176_at,GSM6380503,117,palate,1,9.046047891
FMOD,ENSG00000122176_at,GSM6380504,117,palate,3,8.591614815
FMOD,ENSG00000122176_at,GSM6380505,126,palate,0,7.804712429
FMOD,ENSG00000122176_at,GSM6380506,126,palate,1,8.308336729
FMOD,ENSG00000122176_at,GSM6380507,126,palate,3,8.710514593
FMOD,ENSG00000122176_at,GSM6380508,129,skin,0,7.187564273
FMOD,ENSG00000122176_at,GSM6380509,129,skin,1,6.809975781
FMOD,ENSG00000122176_at,GSM6380510,129,skin,0.25,6.812634469
FMOD,ENSG00000122176_at,GSM6380511,140,skin,0,7.699980944
FMOD,ENSG00000122176_at,GSM6380512,140,skin,1,7.090753075
FMOD,ENSG00000122176_at,GSM6380513,129,palate,0,8.172368635
FMOD,ENSG00000122176_at,GSM6380514,129,palate,1,8.711329582
FMOD,ENSG00000122176_at,GSM6380515,129,palate,0.25,8.814364409
FMOD,ENSG00000122176_at,GSM6380516,140,palate,0,8.570428333
FMOD,ENSG00000122176_at,GSM6380517,140,palate,1,8.804729179
FMOD,ENSG00000122176_at,GSM6380518,140,palate,0.25,8.20129322
FMOD,ENSG00000122176_at,GSM6380519,142,skin,0,7.336531554
FMOD,ENSG00000122176_at,GSM6380520,142,skin,1,7.878335256
FMOD,ENSG00000122176_at,GSM6380521,142,skin,0.25,7.593231715
FMOD,ENSG00000122176_at,GSM6380522,143,skin,0,7.907984699
FMOD,ENSG00000122176_at,GSM6380523,143,skin,1,6.831370937
FMOD,ENSG00000122176_at,GSM6380524,143,skin,0.25,7.090416968
FMOD,ENSG00000122176_at,GSM6380525,142,palate,0,9.313058999
FMOD,ENSG00000122176_at,GSM6380526,142,palate,1,9.132340518
FMOD,ENSG00000122176_at,GSM6380527,142,palate,0.25,8.410693352
FMOD,ENSG00000122176_at,GSM6380528,143,palate,0,7.492723361
FMOD,ENSG00000122176_at,GSM6380529,143,palate,1,8.935512814
FMOD,ENSG00000122176_at,GSM6380530,143,palate,0.25,8.799245142
FMOD,ENSG00000122176_at,GSM6380531,146,skin,0,7.741284739
FMOD,ENSG00000122176_at,GSM6380532,146,skin,1,7.250781118
FMOD,ENSG00000122176_at,GSM6380533,146,skin,0.25,7.830060205
FMOD,ENSG00000122176_at,GSM6380534,148,skin,0,7.017093021
FMOD,ENSG00000122176_at,GSM6380535,148,skin,0.25,7.211429989
FMOD,ENSG00000122176_at,GSM6380536,146,palate,0,8.2740516
FMOD,ENSG00000122176_at,GSM6380537,146,palate,1,9.432125889
FMOD,ENSG00000122176_at,GSM6380538,148,palate,0,7.614771509
FMOD,ENSG00000122176_at,GSM6380539,148,palate,1,8.121478454
FMOD,ENSG00000122176_at,GSM6380540,152,skin,0,7.397074645
FMOD,ENSG00000122176_at,GSM6380541,152,skin,1,6.939372033
FMOD,ENSG00000122176_at,GSM6380542,152,skin,0.25,7.062095327
FMOD,ENSG00000122176_at,GSM6380543,156,skin,0,7.791534613
FMOD,ENSG00000122176_at,GSM6380544,156,skin,1,7.622469767
FMOD,ENSG00000122176_at,GSM6380545,156,skin,0.25,7.495872075
FMOD,ENSG00000122176_at,GSM6380546,152,palate,0,7.192326744
FMOD,ENSG00000122176_at,GSM6380547,152,palate,1,9.257482884
FMOD,ENSG00000122176_at,GSM6380548,152,palate,0.25,8.656943699
FMOD,ENSG00000122176_at,GSM6380549,156,palate,0,7.985538075
FMOD,ENSG00000122176_at,GSM6380550,156,palate,1,8.633732391
FMOD,ENSG00000122176_at,GSM6380551,156,palate,0.25,9.938262197
FMOD,ENSG00000122176_at,GSM6380552,132,skin,7,8.306520157
FMOD,ENSG00000122176_at,GSM6380553,132,palate,0,8.742346604
FMOD,ENSG00000122176_at,GSM6380554,132,palate,3,8.881863515
FMOD,ENSG00000122176_at,GSM6380555,132,palate,7,9.284620691
FMOD,ENSG00000122176_at,GSM6380556,147,skin,0,7.670133341
FMOD,ENSG00000122176_at,GSM6380557,147,skin,3,7.840877749
FMOD,ENSG00000122176_at,GSM6380558,147,skin,7,7.071351232
FMOD,ENSG00000122176_at,GSM6380559,147,palate,0,8.110407803
FMOD,ENSG00000122176_at,GSM6380560,147,palate,3,9.027972118
FMOD,ENSG00000122176_at,GSM6380561,147,palate,7,8.57362666
FMOD,ENSG00000122176_at,GSM6380562,149,skin,3,8.10992166
FMOD,ENSG00000122176_at,GSM6380563,149,skin,7,8.208119875
FMOD,ENSG00000122176_at,GSM6380564,149,palate,3,8.369360625
FMOD,ENSG00000122176_at,GSM6380565,149,palate,7,9.458191623
FMOD,ENSG00000122176_at,GSM6380566,150,skin,3,7.994985671
FMOD,ENSG00000122176_at,GSM6380567,150,skin,7,8.536659985
FMOD,ENSG00000122176_at,GSM6380568,150,palate,0,7.620421589
FMOD,ENSG00000122176_at,GSM6380569,150,palate,3,8.17820734
FMOD,ENSG00000122176_at,GSM6380570,150,palate,7,8.841121368
FMOD,ENSG00000122176_at,GSM6380571,153,skin,0,7.554687668
FMOD,ENSG00000122176_at,GSM6380572,153,skin,3,7.79121334
FMOD,ENSG00000122176_at,GSM6380573,153,skin,7,7.868683817
FMOD,ENSG00000122176_at,GSM6380574,153,palate,0,7.518682944
FMOD,ENSG00000122176_at,GSM6380575,153,palate,3,8.762288539
FMOD,ENSG00000122176_at,GSM6380576,153,palate,7,9.900544196
FMOD,ENSG00000122176_at,GSM6380577,155,skin,0,8.802410602
FMOD,ENSG00000122176_at,GSM6380578,155,skin,3,7.587689321
FMOD,ENSG00000122176_at,GSM6380579,155,skin,7,7.420719631
FMOD,ENSG00000122176_at,GSM6380580,155,palate,0,8.397817644
FMOD,ENSG00000122176_at,GSM6380581,155,palate,3,8.284931088
FMOD,ENSG00000122176_at,GSM6380582,155,palate,7,8.704365901
IL1B,ENSG00000125538_at,GSM6380487,115,skin,1,10.02605057
IL1B,ENSG00000125538_at,GSM6380488,115,skin,3,7.670350197
IL1B,ENSG00000125538_at,GSM6380489,122,skin,1,8.517830252
IL1B,ENSG00000125538_at,GSM6380490,122,skin,3,7.983022061
IL1B,ENSG00000125538_at,GSM6380491,115,palate,0,7.013770102
IL1B,ENSG00000125538_at,GSM6380492,115,palate,1,8.777941771
IL1B,ENSG00000125538_at,GSM6380493,115,palate,3,9.309456824
IL1B,ENSG00000125538_at,GSM6380494,122,palate,0,7.267124387
IL1B,ENSG00000125538_at,GSM6380495,122,palate,1,11.38455256
IL1B,ENSG00000125538_at,GSM6380496,122,palate,3,8.067506983
IL1B,ENSG00000125538_at,GSM6380497,117,skin,0,6.643074388
IL1B,ENSG00000125538_at,GSM6380498,117,skin,3,8.095779635
IL1B,ENSG00000125538_at,GSM6380499,126,skin,0,5.388174259
IL1B,ENSG00000125538_at,GSM6380500,126,skin,1,7.138871068
IL1B,ENSG00000125538_at,GSM6380501,126,skin,3,8.929440564
IL1B,ENSG00000125538_at,GSM6380502,117,palate,0,8.021095712
IL1B,ENSG00000125538_at,GSM6380503,117,palate,1,9.845265451
IL1B,ENSG00000125538_at,GSM6380504,117,palate,3,7.827240906
IL1B,ENSG00000125538_at,GSM6380505,126,palate,0,6.352189637
IL1B,ENSG00000125538_at,GSM6380506,126,palate,1,8.126232453
IL1B,ENSG00000125538_at,GSM6380507,126,palate,3,6.43533474
IL1B,ENSG00000125538_at,GSM6380508,129,skin,0,5.614546078
IL1B,ENSG00000125538_at,GSM6380509,129,skin,1,6.40786842
IL1B,ENSG00000125538_at,GSM6380510,129,skin,0.25,7.517924358
IL1B,ENSG00000125538_at,GSM6380511,140,skin,0,7.064167974
IL1B,ENSG00000125538_at,GSM6380512,140,skin,1,6.979646127
IL1B,ENSG00000125538_at,GSM6380513,129,palate,0,6.288206773
IL1B,ENSG00000125538_at,GSM6380514,129,palate,1,6.859522747
IL1B,ENSG00000125538_at,GSM6380515,129,palate,0.25,8.694152426
IL1B,ENSG00000125538_at,GSM6380516,140,palate,0,7.113926006
IL1B,ENSG00000125538_at,GSM6380517,140,palate,1,11.55825816
IL1B,ENSG00000125538_at,GSM6380518,140,palate,0.25,10.01237319
IL1B,ENSG00000125538_at,GSM6380519,142,skin,0,6.1018508
IL1B,ENSG00000125538_at,GSM6380520,142,skin,1,6.868341124
IL1B,ENSG00000125538_at,GSM6380521,142,skin,0.25,7.751337433
IL1B,ENSG00000125538_at,GSM6380522,143,skin,0,5.696299055
IL1B,ENSG00000125538_at,GSM6380523,143,skin,1,7.748981229
IL1B,ENSG00000125538_at,GSM6380524,143,skin,0.25,8.005857513
IL1B,ENSG00000125538_at,GSM6380525,142,palate,0,6.98560818
IL1B,ENSG00000125538_at,GSM6380526,142,palate,1,10.48537955
IL1B,ENSG00000125538_at,GSM6380527,142,palate,0.25,8.339255433
IL1B,ENSG00000125538_at,GSM6380528,143,palate,0,7.135048313
IL1B,ENSG00000125538_at,GSM6380529,143,palate,1,8.546599148
IL1B,ENSG00000125538_at,GSM6380530,143,palate,0.25,8.437482095
IL1B,ENSG00000125538_at,GSM6380531,146,skin,0,5.648575241
IL1B,ENSG00000125538_at,GSM6380532,146,skin,1,7.325822579
IL1B,ENSG00000125538_at,GSM6380533,146,skin,0.25,6.204979524
IL1B,ENSG00000125538_at,GSM6380534,148,skin,0,5.463771335
IL1B,ENSG00000125538_at,GSM6380535,148,skin,0.25,7.550788291
IL1B,ENSG00000125538_at,GSM6380536,146,palate,0,6.827087428
IL1B,ENSG00000125538_at,GSM6380537,146,palate,1,8.463348561
IL1B,ENSG00000125538_at,GSM6380538,148,palate,0,7.066140165
IL1B,ENSG00000125538_at,GSM6380539,148,palate,1,12.20262502
IL1B,ENSG00000125538_at,GSM6380540,152,skin,0,6.141787568
IL1B,ENSG00000125538_at,GSM6380541,152,skin,1,5.859149142
IL1B,ENSG00000125538_at,GSM6380542,152,skin,0.25,7.169347152
IL1B,ENSG00000125538_at,GSM6380543,156,skin,0,7.223341897
IL1B,ENSG00000125538_at,GSM6380544,156,skin,1,8.264877926
IL1B,ENSG00000125538_at,GSM6380545,156,skin,0.25,8.237630164
IL1B,ENSG00000125538_at,GSM6380546,152,palate,0,7.017591437
IL1B,ENSG00000125538_at,GSM6380547,152,palate,1,11.38084037
IL1B,ENSG00000125538_at,GSM6380548,152,palate,0.25,9.516274997
IL1B,ENSG00000125538_at,GSM6380549,156,palate,0,6.857211845
IL1B,ENSG00000125538_at,GSM6380550,156,palate,1,9.104748303
IL1B,ENSG00000125538_at,GSM6380551,156,palate,0.25,8.390467334
IL1B,ENSG00000125538_at,GSM6380552,132,skin,7,5.855967298
IL1B,ENSG00000125538_at,GSM6380553,132,palate,0,6.989625599
IL1B,ENSG00000125538_at,GSM6380554,132,palate,3,7.739604177
IL1B,ENSG00000125538_at,GSM6380555,132,palate,7,7.214500613
IL1B,ENSG00000125538_at,GSM6380556,147,skin,0,5.3974593
IL1B,ENSG00000125538_at,GSM6380557,147,skin,3,9.235640708
IL1B,ENSG00000125538_at,GSM6380558,147,skin,7,10.43000871
IL1B,ENSG00000125538_at,GSM6380559,147,palate,0,7.684183316
IL1B,ENSG00000125538_at,GSM6380560,147,palate,3,8.142862512
IL1B,ENSG00000125538_at,GSM6380561,147,palate,7,7.794133536
IL1B,ENSG00000125538_at,GSM6380562,149,skin,3,6.680451986
IL1B,ENSG00000125538_at,GSM6380563,149,skin,7,6.10622139
IL1B,ENSG00000125538_at,GSM6380564,149,palate,3,9.292821999
IL1B,ENSG00000125538_at,GSM6380565,149,palate,7,6.682246781
IL1B,ENSG00000125538_at,GSM6380566,150,skin,3,9.148926389
IL1B,ENSG00000125538_at,GSM6380567,150,skin,7,5.841032229
IL1B,ENSG00000125538_at,GSM6380568,150,palate,0,7.25269534
IL1B,ENSG00000125538_at,GSM6380569,150,palate,3,6.950197544
IL1B,ENSG00000125538_at,GSM6380570,150,palate,7,6.250872379
IL1B,ENSG00000125538_at,GSM6380571,153,skin,0,5.794832783
IL1B,ENSG00000125538_at,GSM6380572,153,skin,3,7.379377131
IL1B,ENSG00000125538_at,GSM6380573,153,skin,7,6.161275601
IL1B,ENSG00000125538_at,GSM6380574,153,palate,0,6.913591282
IL1B,ENSG00000125538_at,GSM6380575,153,palate,3,7.769013216
IL1B,ENSG00000125538_at,GSM6380576,153,palate,7,6.6894189
IL1B,ENSG00000125538_at,GSM6380577,155,skin,0,6.733093928
IL1B,ENSG00000125538_at,GSM6380578,155,skin,3,9.861367516
IL1B,ENSG00000125538_at,GSM6380579,155,skin,7,6.114809124
IL1B,ENSG00000125538_at,GSM6380580,155,palate,0,6.512061897
IL1B,ENSG00000125538_at,GSM6380581,155,palate,3,6.650379027
IL1B,ENSG00000125538_at,GSM6380582,155,palate,7,6.910761922
IDO1,ENSG00000131203_at,GSM6380487,115,skin,1,6.639879393
IDO1,ENSG00000131203_at,GSM6380488,115,skin,3,6.029315695
IDO1,ENSG00000131203_at,GSM6380489,122,skin,1,5.96957558
IDO1,ENSG00000131203_at,GSM6380490,122,skin,3,5.994093034
IDO1,ENSG00000131203_at,GSM6380491,115,palate,0,5.481410986
IDO1,ENSG00000131203_at,GSM6380492,115,palate,1,7.901973872
IDO1,ENSG00000131203_at,GSM6380493,115,palate,3,5.726489074
IDO1,ENSG00000131203_at,GSM6380494,122,palate,0,4.988101075
IDO1,ENSG00000131203_at,GSM6380495,122,palate,1,7.79091124
IDO1,ENSG00000131203_at,GSM6380496,122,palate,3,5.208125303
IDO1,ENSG00000131203_at,GSM6380497,117,skin,0,5.896637938
IDO1,ENSG00000131203_at,GSM6380498,117,skin,3,6.439810137
IDO1,ENSG00000131203_at,GSM6380499,126,skin,0,6.655514793
IDO1,ENSG00000131203_at,GSM6380500,126,skin,1,7.516122018
IDO1,ENSG00000131203_at,GSM6380501,126,skin,3,6.35604693
IDO1,ENSG00000131203_at,GSM6380502,117,palate,0,5.705579293
IDO1,ENSG00000131203_at,GSM6380503,117,palate,1,5.853818227
IDO1,ENSG00000131203_at,GSM6380504,117,palate,3,5.653939395
IDO1,ENSG00000131203_at,GSM6380505,126,palate,0,5.15116998
IDO1,ENSG00000131203_at,GSM6380506,126,palate,1,6.204495424
IDO1,ENSG00000131203_at,GSM6380507,126,palate,3,4.783131945
IDO1,ENSG00000131203_at,GSM6380508,129,skin,0,5.255297274
IDO1,ENSG00000131203_at,GSM6380509,129,skin,1,6.437917315
IDO1,ENSG00000131203_at,GSM6380510,129,skin,0.25,5.800069344
IDO1,ENSG00000131203_at,GSM6380511,140,skin,0,5.23815662
IDO1,ENSG00000131203_at,GSM6380512,140,skin,1,5.975834312
IDO1,ENSG00000131203_at,GSM6380513,129,palate,0,5.559274211
IDO1,ENSG00000131203_at,GSM6380514,129,palate,1,9.485846756
IDO1,ENSG00000131203_at,GSM6380515,129,palate,0.25,5.083746101
IDO1,ENSG00000131203_at,GSM6380516,140,palate,0,6.038988893
IDO1,ENSG00000131203_at,GSM6380517,140,palate,1,8.377650471
IDO1,ENSG00000131203_at,GSM6380518,140,palate,0.25,5.006842044
IDO1,ENSG00000131203_at,GSM6380519,142,skin,0,4.849554842
IDO1,ENSG00000131203_at,GSM6380520,142,skin,1,5.966352187
IDO1,ENSG00000131203_at,GSM6380521,142,skin,0.25,5.110805925
IDO1,ENSG00000131203_at,GSM6380522,143,skin,0,5.400322767
IDO1,ENSG00000131203_at,GSM6380523,143,skin,1,6.150316622
IDO1,ENSG00000131203_at,GSM6380524,143,skin,0.25,6.349904337
IDO1,ENSG00000131203_at,GSM6380525,142,palate,0,5.194221119
IDO1,ENSG00000131203_at,GSM6380526,142,palate,1,6.287855545
IDO1,ENSG00000131203_at,GSM6380527,142,palate,0.25,5.503591858
IDO1,ENSG00000131203_at,GSM6380528,143,palate,0,5.264664372
IDO1,ENSG00000131203_at,GSM6380529,143,palate,1,6.267325578
IDO1,ENSG00000131203_at,GSM6380530,143,palate,0.25,4.92956825
IDO1,ENSG00000131203_at,GSM6380531,146,skin,0,4.916278285
IDO1,ENSG00000131203_at,GSM6380532,146,skin,1,5.643461036
IDO1,ENSG00000131203_at,GSM6380533,146,skin,0.25,4.783658635
IDO1,ENSG00000131203_at,GSM6380534,148,skin,0,5.370345083
IDO1,ENSG00000131203_at,GSM6380535,148,skin,0.25,5.390182385
IDO1,ENSG00000131203_at,GSM6380536,146,palate,0,5.155397951
IDO1,ENSG00000131203_at,GSM6380537,146,palate,1,5.884701378
IDO1,ENSG00000131203_at,GSM6380538,148,palate,0,4.562842606
IDO1,ENSG00000131203_at,GSM6380539,148,palate,1,8.371015033
IDO1,ENSG00000131203_at,GSM6380540,152,skin,0,5.179798858
IDO1,ENSG00000131203_at,GSM6380541,152,skin,1,6.233663858
IDO1,ENSG00000131203_at,GSM6380542,152,skin,0.25,6.046301489
IDO1,ENSG00000131203_at,GSM6380543,156,skin,0,5.817964808
IDO1,ENSG00000131203_at,GSM6380544,156,skin,1,6.734755979
IDO1,ENSG00000131203_at,GSM6380545,156,skin,0.25,5.471684177
IDO1,ENSG00000131203_at,GSM6380546,152,palate,0,5.359870608
IDO1,ENSG00000131203_at,GSM6380547,152,palate,1,8.915244129
IDO1,ENSG00000131203_at,GSM6380548,152,palate,0.25,6.277904569
IDO1,ENSG00000131203_at,GSM6380549,156,palate,0,6.076052735
IDO1,ENSG00000131203_at,GSM6380550,156,palate,1,7.089751828
IDO1,ENSG00000131203_at,GSM6380551,156,palate,0.25,6.437079439
IDO1,ENSG00000131203_at,GSM6380552,132,skin,7,5.14853509
IDO1,ENSG00000131203_at,GSM6380553,132,palate,0,4.774468055
IDO1,ENSG00000131203_at,GSM6380554,132,palate,3,4.909911194
IDO1,ENSG00000131203_at,GSM6380555,132,palate,7,4.661766772
IDO1,ENSG00000131203_at,GSM6380556,147,skin,0,5.061587139
IDO1,ENSG00000131203_at,GSM6380557,147,skin,3,6.085403849
IDO1,ENSG00000131203_at,GSM6380558,147,skin,7,5.750264497
IDO1,ENSG00000131203_at,GSM6380559,147,palate,0,5.022775502
IDO1,ENSG00000131203_at,GSM6380560,147,palate,3,5.1570814
IDO1,ENSG00000131203_at,GSM6380561,147,palate,7,5.411326231
IDO1,ENSG00000131203_at,GSM6380562,149,skin,3,6.043831922
IDO1,ENSG00000131203_at,GSM6380563,149,skin,7,5.864100088
IDO1,ENSG00000131203_at,GSM6380564,149,palate,3,5.935975535
IDO1,ENSG00000131203_at,GSM6380565,149,palate,7,5.236044833
IDO1,ENSG00000131203_at,GSM6380566,150,skin,3,6.205995294
IDO1,ENSG00000131203_at,GSM6380567,150,skin,7,5.35751444
IDO1,ENSG00000131203_at,GSM6380568,150,palate,0,5.021494325
IDO1,ENSG00000131203_at,GSM6380569,150,palate,3,5.075012497
IDO1,ENSG00000131203_at,GSM6380570,150,palate,7,4.516259204
IDO1,ENSG00000131203_at,GSM6380571,153,skin,0,5.61280384
IDO1,ENSG00000131203_at,GSM6380572,153,skin,3,7.350941293
IDO1,ENSG00000131203_at,GSM6380573,153,skin,7,5.86760119
IDO1,ENSG00000131203_at,GSM6380574,153,palate,0,5.275560166
IDO1,ENSG00000131203_at,GSM6380575,153,palate,3,6.016381919
IDO1,ENSG00000131203_at,GSM6380576,153,palate,7,5.674520009
IDO1,ENSG00000131203_at,GSM6380577,155,skin,0,5.139775856
IDO1,ENSG00000131203_at,GSM6380578,155,skin,3,6.334683144
IDO1,ENSG00000131203_at,GSM6380579,155,skin,7,6.203372871
IDO1,ENSG00000131203_at,GSM6380580,155,palate,0,5.565872452
IDO1,ENSG00000131203_at,GSM6380581,155,palate,3,4.602113656
IDO1,ENSG00000131203_at,GSM6380582,155,palate,7,4.828315459
IL6,ENSG00000136244_at,GSM6380487,115,skin,1,7.2473282
IL6,ENSG00000136244_at,GSM6380488,115,skin,3,5.360159971
IL6,ENSG00000136244_at,GSM6380489,122,skin,1,6.339481384
IL6,ENSG00000136244_at,GSM6380490,122,skin,3,4.971349684
IL6,ENSG00000136244_at,GSM6380491,115,palate,0,4.619597511
IL6,ENSG00000136244_at,GSM6380492,115,palate,1,7.157607953
IL6,ENSG00000136244_at,GSM6380493,115,palate,3,5.077678505
IL6,ENSG00000136244_at,GSM6380494,122,palate,0,4.666086469
IL6,ENSG00000136244_at,GSM6380495,122,palate,1,8.545007862
IL6,ENSG00000136244_at,GSM6380496,122,palate,3,4.44810124
IL6,ENSG00000136244_at,GSM6380497,117,skin,0,4.578341979
IL6,ENSG00000136244_at,GSM6380498,117,skin,3,5.890308835
IL6,ENSG00000136244_at,GSM6380499,126,skin,0,4.307708413
IL6,ENSG00000136244_at,GSM6380500,126,skin,1,6.302157011
IL6,ENSG00000136244_at,GSM6380501,126,skin,3,4.518037208
IL6,ENSG00000136244_at,GSM6380502,117,palate,0,4.796105981
IL6,ENSG00000136244_at,GSM6380503,117,palate,1,10.93118364
IL6,ENSG00000136244_at,GSM6380504,117,palate,3,5.460888007
IL6,ENSG00000136244_at,GSM6380505,126,palate,0,4.718647079
IL6,ENSG00000136244_at,GSM6380506,126,palate,1,6.144226286
IL6,ENSG00000136244_at,GSM6380507,126,palate,3,4.224281345
IL6,ENSG00000136244_at,GSM6380508,129,skin,0,4.52594113
IL6,ENSG00000136244_at,GSM6380509,129,skin,1,5.727276485
IL6,ENSG00000136244_at,GSM6380510,129,skin,0.25,8.49922339
IL6,ENSG00000136244_at,GSM6380511,140,skin,0,8.253124435
IL6,ENSG00000136244_at,GSM6380512,140,skin,1,5.389827379
IL6,ENSG00000136244_at,GSM6380513,129,palate,0,4.737643427
IL6,ENSG00000136244_at,GSM6380514,129,palate,1,6.1805398
IL6,ENSG00000136244_at,GSM6380515,129,palate,0.25,8.921740771
IL6,ENSG00000136244_at,GSM6380516,140,palate,0,4.571321966
IL6,ENSG00000136244_at,GSM6380517,140,palate,1,9.998697028
IL6,ENSG00000136244_at,GSM6380518,140,palate,0.25,10.43549426
IL6,ENSG00000136244_at,GSM6380519,142,skin,0,4.397378497
IL6,ENSG00000136244_at,GSM6380520,142,skin,1,5.529295813
IL6,ENSG00000136244_at,GSM6380521,142,skin,0.25,8.629616946
IL6,ENSG00000136244_at,GSM6380522,143,skin,0,4.397602329
IL6,ENSG00000136244_at,GSM6380523,143,skin,1,6.321890662
IL6,ENSG00000136244_at,GSM6380524,143,skin,0.25,9.395719544
IL6,ENSG00000136244_at,GSM6380525,142,palate,0,4.717915715
IL6,ENSG00000136244_at,GSM6380526,142,palate,1,10.11164912
IL6,ENSG00000136244_at,GSM6380527,142,palate,0.25,8.770878387
IL6,ENSG00000136244_at,GSM6380528,143,palate,0,4.25669298
IL6,ENSG00000136244_at,GSM6380529,143,palate,1,6.641048503
IL6,ENSG00000136244_at,GSM6380530,143,palate,0.25,8.119230864
IL6,ENSG00000136244_at,GSM6380531,146,skin,0,4.432388273
IL6,ENSG00000136244_at,GSM6380532,146,skin,1,6.652139256
IL6,ENSG00000136244_at,GSM6380533,146,skin,0.25,5.638497901
IL6,ENSG00000136244_at,GSM6380534,148,skin,0,4.763282635
IL6,ENSG00000136244_at,GSM6380535,148,skin,0.25,8.685562111
IL6,ENSG00000136244_at,GSM6380536,146,palate,0,4.263775952
IL6,ENSG00000136244_at,GSM6380537,146,palate,1,7.277168754
IL6,ENSG00000136244_at,GSM6380538,148,palate,0,4.450112954
IL6,ENSG00000136244_at,GSM6380539,148,palate,1,10.44727738
IL6,ENSG00000136244_at,GSM6380540,152,skin,0,4.571900333
IL6,ENSG00000136244_at,GSM6380541,152,skin,1,4.42630281
IL6,ENSG00000136244_at,GSM6380542,152,skin,0.25,8.267857721
IL6,ENSG00000136244_at,GSM6380543,156,skin,0,5.97666034
IL6,ENSG00000136244_at,GSM6380544,156,skin,1,7.339195805
IL6,ENSG00000136244_at,GSM6380545,156,skin,0.25,9.630566362
IL6,ENSG00000136244_at,GSM6380546,152,palate,0,4.887041407
IL6,ENSG00000136244_at,GSM6380547,152,palate,1,10.85470218
IL6,ENSG00000136244_at,GSM6380548,152,palate,0.25,9.075184644
IL6,ENSG00000136244_at,GSM6380549,156,palate,0,4.957481134
IL6,ENSG00000136244_at,GSM6380550,156,palate,1,8.459972947
IL6,ENSG00000136244_at,GSM6380551,156,palate,0.25,10.89158235
IL6,ENSG00000136244_at,GSM6380552,132,skin,7,3.783064974
IL6,ENSG00000136244_at,GSM6380553,132,palate,0,4.108045609
IL6,ENSG00000136244_at,GSM6380554,132,palate,3,5.063702339
IL6,ENSG00000136244_at,GSM6380555,132,palate,7,4.030390377
IL6,ENSG00000136244_at,GSM6380556,147,skin,0,4.264330831
IL6,ENSG00000136244_at,GSM6380557,147,skin,3,6.111189624
IL6,ENSG00000136244_at,GSM6380558,147,skin,7,4.889940749
IL6,ENSG00000136244_at,GSM6380559,147,palate,0,4.832305119
IL6,ENSG00000136244_at,GSM6380560,147,palate,3,4.888787477
IL6,ENSG00000136244_at,GSM6380561,147,palate,7,4.4654447
IL6,ENSG00000136244_at,GSM6380562,149,skin,3,5.73732033
IL6,ENSG00000136244_at,GSM6380563,149,skin,7,4.277348003
IL6,ENSG00000136244_at,GSM6380564,149,palate,3,5.817948857
IL6,ENSG00000136244_at,GSM6380565,149,palate,7,4.617793946
IL6,ENSG00000136244_at,GSM6380566,150,skin,3,5.38318025
IL6,ENSG00000136244_at,GSM6380567,150,skin,7,4.111994318
IL6,ENSG00000136244_at,GSM6380568,150,palate,0,4.566476493
IL6,ENSG00000136244_at,GSM6380569,150,palate,3,3.96128841
IL6,ENSG00000136244_at,GSM6380570,150,palate,7,4.554880396
IL6,ENSG00000136244_at,GSM6380571,153,skin,0,4.028897119
IL6,ENSG00000136244_at,GSM6380572,153,skin,3,5.61816868
IL6,ENSG00000136244_at,GSM6380573,153,skin,7,4.631789513
IL6,ENSG00000136244_at,GSM6380574,153,palate,0,4.491731737
IL6,ENSG00000136244_at,GSM6380575,153,palate,3,4.245354185
IL6,ENSG00000136244_at,GSM6380576,153,palate,7,4.02980044
IL6,ENSG00000136244_at,GSM6380577,155,skin,0,3.896306412
IL6,ENSG00000136244_at,GSM6380578,155,skin,3,5.448962418
IL6,ENSG00000136244_at,GSM6380579,155,skin,7,4.053924176
IL6,ENSG00000136244_at,GSM6380580,155,palate,0,4.43305486
IL6,ENSG00000136244_at,GSM6380581,155,palate,3,3.956154964
IL6,ENSG00000136244_at,GSM6380582,155,palate,7,3.643112713
MKI67,ENSG00000148773_at,GSM6380487,115,skin,1,4.863610812
MKI67,ENSG00000148773_at,GSM6380488,115,skin,3,7.53480625
MKI67,ENSG00000148773_at,GSM6380489,122,skin,1,5.598161518
MKI67,ENSG00000148773_at,GSM6380490,122,skin,3,7.84085227
MKI67,ENSG00000148773_at,GSM6380491,115,palate,0,6.610368145
MKI67,ENSG00000148773_at,GSM6380492,115,palate,1,6.250104801
MKI67,ENSG00000148773_at,GSM6380493,115,palate,3,7.944326028
MKI67,ENSG00000148773_at,GSM6380494,122,palate,0,6.649031973
MKI67,ENSG00000148773_at,GSM6380495,122,palate,1,6.392840622
MKI67,ENSG00000148773_at,GSM6380496,122,palate,3,7.728844998
MKI67,ENSG00000148773_at,GSM6380497,117,skin,0,6.79906185
MKI67,ENSG00000148773_at,GSM6380498,117,skin,3,8.306981718
MKI67,ENSG00000148773_at,GSM6380499,126,skin,0,6.796612199
MKI67,ENSG00000148773_at,GSM6380500,126,skin,1,6.200669938
MKI67,ENSG00000148773_at,GSM6380501,126,skin,3,8.105510269
MKI67,ENSG00000148773_at,GSM6380502,117,palate,0,6.25038422
MKI67,ENSG00000148773_at,GSM6380503,117,palate,1,5.890928679
MKI67,ENSG00000148773_at,GSM6380504,117,palate,3,7.610274816
MKI67,ENSG00000148773_at,GSM6380505,126,palate,0,6.879156772
MKI67,ENSG00000148773_at,GSM6380506,126,palate,1,7.107178789
MKI67,ENSG00000148773_at,GSM6380507,126,palate,3,7.399858737
MKI67,ENSG00000148773_at,GSM6380508,129,skin,0,7.187356201
MKI67,ENSG00000148773_at,GSM6380509,129,skin,1,6.496319824
MKI67,ENSG00000148773_at,GSM6380510,129,skin,0.25,6.004883901
MKI67,ENSG00000148773_at,GSM6380511,140,skin,0,5.875158451
MKI67,ENSG00000148773_at,GSM6380512,140,skin,1,6.074509817
MKI67,ENSG00000148773_at,GSM6380513,129,palate,0,7.773679194
MKI67,ENSG00000148773_at,GSM6380514,129,palate,1,7.763962968
MKI67,ENSG00000148773_at,GSM6380515,129,palate,0.25,6.909877838
MKI67,ENSG00000148773_at,GSM6380516,140,palate,0,6.749591983
MKI67,ENSG00000148773_at,GSM6380517,140,palate,1,7.202300396
MKI67,ENSG00000148773_at,GSM6380518,140,palate,0.25,6.873505799
MKI67,ENSG00000148773_at,GSM6380519,142,skin,0,6.548527383
MKI67,ENSG00000148773_at,GSM6380520,142,skin,1,5.620895772
MKI67,ENSG00000148773_at,GSM6380521,142,skin,0.25,5.792218431
MKI67,ENSG00000148773_at,GSM6380522,143,skin,0,6.59713156
MKI67,ENSG00000148773_at,GSM6380523,143,skin,1,6.175667831
MKI67,ENSG00000148773_at,GSM6380524,143,skin,0.25,5.930005387
MKI67,ENSG00000148773_at,GSM6380525,142,palate,0,7.131845905
MKI67,ENSG00000148773_at,GSM6380526,142,palate,1,6.9099434
MKI67,ENSG00000148773_at,GSM6380527,142,palate,0.25,6.477086491
MKI67,ENSG00000148773_at,GSM6380528,143,palate,0,7.216492451
MKI67,ENSG00000148773_at,GSM6380529,143,palate,1,7.214210178
MKI67,ENSG00000148773_at,GSM6380530,143,palate,0.25,6.717125135
MKI67,ENSG00000148773_at,GSM6380531,146,skin,0,6.666678551
MKI67,ENSG00000148773_at,GSM6380532,146,skin,1,6.311084896
MKI67,ENSG00000148773_at,GSM6380533,146,skin,0.25,5.769354542
MKI67,ENSG00000148773_at,GSM6380534,148,skin,0,6.104427391
MKI67,ENSG00000148773_at,GSM6380535,148,skin,0.25,5.636983756
MKI67,ENSG00000148773_at,GSM6380536,146,palate,0,7.016170261
MKI67,ENSG00000148773_at,GSM6380537,146,palate,1,7.381976267
MKI67,ENSG00000148773_at,GSM6380538,148,palate,0,6.396703781
MKI67,ENSG00000148773_at,GSM6380539,148,palate,1,6.159846088
MKI67,ENSG00000148773_at,GSM6380540,152,skin,0,6.209522782
MKI67,ENSG00000148773_at,GSM6380541,152,skin,1,5.777768364
MKI67,ENSG00000148773_at,GSM6380542,152,skin,0.25,5.775445118
MKI67,ENSG00000148773_at,GSM6380543,156,skin,0,6.075580455
MKI67,ENSG00000148773_at,GSM6380544,156,skin,1,5.705059351
MKI67,ENSG00000148773_at,GSM6380545,156,skin,0.25,5.610150538
MKI67,ENSG00000148773_at,GSM6380546,152,palate,0,7.01513673
MKI67,ENSG00000148773_at,GSM6380547,152,palate,1,6.860802311
MKI67,ENSG00000148773_at,GSM6380548,152,palate,0.25,6.351573966
MKI67,ENSG00000148773_at,GSM6380549,156,palate,0,7.277085905
MKI67,ENSG00000148773_at,GSM6380550,156,palate,1,7.455622429
MKI67,ENSG00000148773_at,GSM6380551,156,palate,0.25,5.624141484
MKI67,ENSG00000148773_at,GSM6380552,132,skin,7,7.344719297
MKI67,ENSG00000148773_at,GSM6380553,132,palate,0,6.783381526
MKI67,ENSG00000148773_at,GSM6380554,132,palate,3,7.155446579
MKI67,ENSG00000148773_at,GSM6380555,132,palate,7,6.702609205
MKI67,ENSG00000148773_at,GSM6380556,147,skin,0,6.552230313
MKI67,ENSG00000148773_at,GSM6380557,147,skin,3,8.057642492
MKI67,ENSG00000148773_at,GSM6380558,147,skin,7,8.461858437
MKI67,ENSG00000148773_at,GSM6380559,147,palate,0,6.696480976
MKI67,ENSG00000148773_at,GSM6380560,147,palate,3,8.217193627
MKI67,ENSG00000148773_at,GSM6380561,147,palate,7,7.19516387
MKI67,ENSG00000148773_at,GSM6380562,149,skin,3,8.037680594
MKI67,ENSG00000148773_at,GSM6380563,149,skin,7,7.855185892
MKI67,ENSG00000148773_at,GSM6380564,149,palate,3,7.240856785
MKI67,ENSG00000148773_at,GSM6380565,149,palate,7,7.048451141
MKI67,ENSG00000148773_at,GSM6380566,150,skin,3,7.942322217
MKI67,ENSG00000148773_at,GSM6380567,150,skin,7,7.54996223
MKI67,ENSG00000148773_at,GSM6380568,150,palate,0,7.258577035
MKI67,ENSG00000148773_at,GSM6380569,150,palate,3,7.119063303
MKI67,ENSG00000148773_at,GSM6380570,150,palate,7,6.032645073
MKI67,ENSG00000148773_at,GSM6380571,153,skin,0,6.217995481
MKI67,ENSG00000148773_at,GSM6380572,153,skin,3,8.273959219
MKI67,ENSG00000148773_at,GSM6380573,153,skin,7,7.093044865
MKI67,ENSG00000148773_at,GSM6380574,153,palate,0,6.733272205
MKI67,ENSG00000148773_at,GSM6380575,153,palate,3,7.368868737
MKI67,ENSG00000148773_at,GSM6380576,153,palate,7,7.018159927
MKI67,ENSG00000148773_at,GSM6380577,155,skin,0,6.434511791
MKI67,ENSG00000148773_at,GSM6380578,155,skin,3,7.519307388
MKI67,ENSG00000148773_at,GSM6380579,155,skin,7,7.16873366
MKI67,ENSG00000148773_at,GSM6380580,155,palate,0,7.083532834
MKI67,ENSG00000148773_at,GSM6380581,155,palate,3,7.30774819
MKI67,ENSG00000148773_at,GSM6380582,155,palate,7,6.280557524
COL3A1,ENSG00000168542_at,GSM6380487,115,skin,1,9.637872809
COL3A1,ENSG00000168542_at,GSM6380488,115,skin,3,11.12365381
COL3A1,ENSG00000168542_at,GSM6380489,122,skin,1,9.764633147
COL3A1,ENSG00000168542_at,GSM6380490,122,skin,3,11.92881921
COL3A1,ENSG00000168542_at,GSM6380491,115,palate,0,11.51028856
COL3A1,ENSG00000168542_at,GSM6380492,115,palate,1,11.36635225
COL3A1,ENSG00000168542_at,GSM6380493,115,palate,3,11.99185201
COL3A1,ENSG00000168542_at,GSM6380494,122,palate,0,10.82925525
COL3A1,ENSG00000168542_at,GSM6380495,122,palate,1,9.677547885
COL3A1,ENSG00000168542_at,GSM6380496,122,palate,3,11.95784511
COL3A1,ENSG00000168542_at,GSM6380497,117,skin,0,11.73069782
COL3A1,ENSG00000168542_at,GSM6380498,117,skin,3,12.06514536
COL3A1,ENSG00000168542_at,GSM6380499,126,skin,0,11.5468158
COL3A1,ENSG00000168542_at,GSM6380500,126,skin,1,10.66580254
COL3A1,ENSG00000168542_at,GSM6380501,126,skin,3,12.0424466
COL3A1,ENSG00000168542_at,GSM6380502,117,palate,0,11.03614007
COL3A1,ENSG00000168542_at,GSM6380503,117,palate,1,11.64837167
COL3A1,ENSG00000168542_at,GSM6380504,117,palate,3,11.63313399
COL3A1,ENSG00000168542_at,GSM6380505,126,palate,0,11.78214135
COL3A1,ENSG00000168542_at,GSM6380506,126,palate,1,11.27441196
COL3A1,ENSG00000168542_at,GSM6380507,126,palate,3,12.73334551
COL3A1,ENSG00000168542_at,GSM6380508,129,skin,0,10.90362726
COL3A1,ENSG00000168542_at,GSM6380509,129,skin,1,10.30482889
COL3A1,ENSG00000168542_at,GSM6380510,129,skin,0.25,8.947504891
COL3A1,ENSG00000168542_at,GSM6380511,140,skin,0,10.74446826
COL3A1,ENSG00000168542_at,GSM6380512,140,skin,1,9.911003327
COL3A1,ENSG00000168542_at,GSM6380513,129,palate,0,11.67828372
COL3A1,ENSG00000168542_at,GSM6380514,129,palate,1,11.093196
COL3A1,ENSG00000168542_at,GSM6380515,129,palate,0.25,11.61079758
COL3A1,ENSG00000168542_at,GSM6380516,140,palate,0,12.18939771
COL3A1,ENSG00000168542_at,GSM6380517,140,palate,1,10.51951846
COL3A1,ENSG00000168542_at,GSM6380518,140,palate,0.25,10.18425958
COL3A1,ENSG00000168542_at,GSM6380519,142,skin,0,11.5982708
COL3A1,ENSG00000168542_at,GSM6380520,142,skin,1,11.33061253
COL3A1,ENSG00000168542_at,GSM6380521,142,skin,0.25,11.82188902
COL3A1,ENSG00000168542_at,GSM6380522,143,skin,0,10.7035956
COL3A1,ENSG00000168542_at,GSM6380523,143,skin,1,9.821848827
COL3A1,ENSG00000168542_at,GSM6380524,143,skin,0.25,10.11074434
COL3A1,ENSG00000168542_at,GSM6380525,142,palate,0,12.82528062
COL3A1,ENSG00000168542_at,GSM6380526,142,palate,1,12.11270965
COL3A1,ENSG00000168542_at,GSM6380527,142,palate,0.25,11.50042568
COL3A1,ENSG00000168542_at,GSM6380528,143,palate,0,11.80672959
COL3A1,ENSG00000168542_at,GSM6380529,143,palate,1,12.1633926
COL3A1,ENSG00000168542_at,GSM6380530,143,palate,0.25,12.70375015
COL3A1,ENSG00000168542_at,GSM6380531,146,skin,0,12.00114844
COL3A1,ENSG00000168542_at,GSM6380532,146,skin,1,11.20186184
COL3A1,ENSG00000168542_at,GSM6380533,146,skin,0.25,13.35321617
COL3A1,ENSG00000168542_at,GSM6380534,148,skin,0,11.01224456
COL3A1,ENSG00000168542_at,GSM6380535,148,skin,0.25,10.61967262
COL3A1,ENSG00000168542_at,GSM6380536,146,palate,0,11.59337798
COL3A1,ENSG00000168542_at,GSM6380537,146,palate,1,11.88299784
COL3A1,ENSG00000168542_at,GSM6380538,148,palate,0,11.61788634
COL3A1,ENSG00000168542_at,GSM6380539,148,palate,1,10.36276213
COL3A1,ENSG00000168542_at,GSM6380540,152,skin,0,12.12882717
COL3A1,ENSG00000168542_at,GSM6380541,152,skin,1,11.09312825
COL3A1,ENSG00000168542_at,GSM6380542,152,skin,0.25,10.0704542
COL3A1,ENSG00000168542_at,GSM6380543,156,skin,0,12.27029346
COL3A1,ENSG00000168542_at,GSM6380544,156,skin,1,11.21600773
COL3A1,ENSG00000168542_at,GSM6380545,156,skin,0.25,12.26917268
COL3A1,ENSG00000168542_at,GSM6380546,152,palate,0,10.53047903
COL3A1,ENSG00000168542_at,GSM6380547,152,palate,1,11.90039469
COL3A1,ENSG00000168542_at,GSM6380548,152,palate,0.25,11.68427661
COL3A1,ENSG00000168542_at,GSM6380549,156,palate,0,11.78622825
COL3A1,ENSG00000168542_at,GSM6380550,156,palate,1,10.66233765
COL3A1,ENSG00000168542_at,GSM6380551,156,palate,0.25,13.09617088
COL3A1,ENSG00000168542_at,GSM6380552,132,skin,7,13.93807339
COL3A1,ENSG00000168542_at,GSM6380553,132,palate,0,12.25491589
COL3A1,ENSG00000168542_at,GSM6380554,132,palate,3,12.82084926
COL3A1,ENSG00000168542_at,GSM6380555,132,palate,7,13.75654085
COL3A1,ENSG00000168542_at,GSM6380556,147,skin,0,11.75220058
COL3A1,ENSG00000168542_at,GSM6380557,147,skin,3,11.78621896
COL3A1,ENSG00000168542_at,GSM6380558,147,skin,7,11.36135701
COL3A1,ENSG00000168542_at,GSM6380559,147,palate,0,11.41038361
COL3A1,ENSG00000168542_at,GSM6380560,147,palate,3,12.72974599
COL3A1,ENSG00000168542_at,GSM6380561,147,palate,7,13.00855075
COL3A1,ENSG00000168542_at,GSM6380562,149,skin,3,12.17172281
COL3A1,ENSG00000168542_at,GSM6380563,149,skin,7,14.02577586
COL3A1,ENSG00000168542_at,GSM6380564,149,palate,3,12.34602662
COL3A1,ENSG00000168542_at,GSM6380565,149,palate,7,13.19006978
COL3A1,ENSG00000168542_at,GSM6380566,150,skin,3,11.90890183
COL3A1,ENSG00000168542_at,GSM6380567,150,skin,7,13.83421844
COL3A1,ENSG00000168542_at,GSM6380568,150,palate,0,10.56457439
COL3A1,ENSG00000168542_at,GSM6380569,150,palate,3,11.86350299
COL3A1,ENSG00000168542_at,GSM6380570,150,palate,7,12.79959473
COL3A1,ENSG00000168542_at,GSM6380571,153,skin,0,10.59404381
COL3A1,ENSG00000168542_at,GSM6380572,153,skin,3,11.63381299
COL3A1,ENSG00000168542_at,GSM6380573,153,skin,7,13.52479385
COL3A1,ENSG00000168542_at,GSM6380574,153,palate,0,11.01614456
COL3A1,ENSG00000168542_at,GSM6380575,153,palate,3,12.3986918
COL3A1,ENSG00000168542_at,GSM6380576,153,palate,7,14.16129407
COL3A1,ENSG00000168542_at,GSM6380577,155,skin,0,13.31458327
COL3A1,ENSG00000168542_at,GSM6380578,155,skin,3,11.73509448
COL3A1,ENSG00000168542_at,GSM6380579,155,skin,7,13.17179921
COL3A1,ENSG00000168542_at,GSM6380580,155,palate,0,12.24008694
COL3A1,ENSG00000168542_at,GSM6380581,155,palate,3,12.1611264
COL3A1,ENSG00000168542_at,GSM6380582,155,palate,7,13.35678064
COL4A1,ENSG00000187498_at,GSM6380487,115,skin,1,8.577702807
COL4A1,ENSG00000187498_at,GSM6380488,115,skin,3,8.706102602
COL4A1,ENSG00000187498_at,GSM6380489,122,skin,1,8.160996406
COL4A1,ENSG00000187498_at,GSM6380490,122,skin,3,9.480176532
COL4A1,ENSG00000187498_at,GSM6380491,115,palate,0,6.396015086
COL4A1,ENSG00000187498_at,GSM6380492,115,palate,1,8.415999916
COL4A1,ENSG00000187498_at,GSM6380493,115,palate,3,8.769809494
COL4A1,ENSG00000187498_at,GSM6380494,122,palate,0,5.748175298
COL4A1,ENSG00000187498_at,GSM6380495,122,palate,1,8.45060901
COL4A1,ENSG00000187498_at,GSM6380496,122,palate,3,8.828723352
COL4A1,ENSG00000187498_at,GSM6380497,117,skin,0,6.833487794
COL4A1,ENSG00000187498_at,GSM6380498,117,skin,3,9.703724389
COL4A1,ENSG00000187498_at,GSM6380499,126,skin,0,6.679102551
COL4A1,ENSG00000187498_at,GSM6380500,126,skin,1,8.760366558
COL4A1,ENSG00000187498_at,GSM6380501,126,skin,3,9.514837268
COL4A1,ENSG00000187498_at,GSM6380502,117,palate,0,6.234973473
COL4A1,ENSG00000187498_at,GSM6380503,117,palate,1,8.043110346
COL4A1,ENSG00000187498_at,GSM6380504,117,palate,3,8.279708585
COL4A1,ENSG00000187498_at,GSM6380505,126,palate,0,6.451139726
COL4A1,ENSG00000187498_at,GSM6380506,126,palate,1,8.757771801
COL4A1,ENSG00000187498_at,GSM6380507,126,palate,3,7.850699316
COL4A1,ENSG00000187498_at,GSM6380508,129,skin,0,6.857474122
COL4A1,ENSG00000187498_at,GSM6380509,129,skin,1,8.227207615
COL4A1,ENSG00000187498_at,GSM6380510,129,skin,0.25,7.750193223
COL4A1,ENSG00000187498_at,GSM6380511,140,skin,0,8.298509896
COL4A1,ENSG00000187498_at,GSM6380512,140,skin,1,7.899924568
COL4A1,ENSG00000187498_at,GSM6380513,129,palate,0,6.404437356
COL4A1,ENSG00000187498_at,GSM6380514,129,palate,1,9.02699326
COL4A1,ENSG00000187498_at,GSM6380515,129,palate,0.25,7.984781892
COL4A1,ENSG00000187498_at,GSM6380516,140,palate,0,6.838215742
COL4A1,ENSG00000187498_at,GSM6380517,140,palate,1,10.0332918
COL4A1,ENSG00000187498_at,GSM6380518,140,palate,0.25,7.954035057
COL4A1,ENSG00000187498_at,GSM6380519,142,skin,0,7.349481453
COL4A1,ENSG00000187498_at,GSM6380520,142,skin,1,8.892196522
COL4A1,ENSG00000187498_at,GSM6380521,142,skin,0.25,8.213493298
COL4A1,ENSG00000187498_at,GSM6380522,143,skin,0,6.580417414
COL4A1,ENSG00000187498_at,GSM6380523,143,skin,1,8.009925239
COL4A1,ENSG00000187498_at,GSM6380524,143,skin,0.25,8.075092634
COL4A1,ENSG00000187498_at,GSM6380525,142,palate,0,7.596974636
COL4A1,ENSG00000187498_at,GSM6380526,142,palate,1,8.750185698
COL4A1,ENSG00000187498_at,GSM6380527,142,palate,0.25,7.989150114
COL4A1,ENSG00000187498_at,GSM6380528,143,palate,0,6.476300212
COL4A1,ENSG00000187498_at,GSM6380529,143,palate,1,8.64896371
COL4A1,ENSG00000187498_at,GSM6380530,143,palate,0.25,8.238313379
COL4A1,ENSG00000187498_at,GSM6380531,146,skin,0,6.942345002
COL4A1,ENSG00000187498_at,GSM6380532,146,skin,1,8.450489942
COL4A1,ENSG00000187498_at,GSM6380533,146,skin,0.25,7.690921914
COL4A1,ENSG00000187498_at,GSM6380534,148,skin,0,6.386147433
COL4A1,ENSG00000187498_at,GSM6380535,148,skin,0.25,8.09364159
COL4A1,ENSG00000187498_at,GSM6380536,146,palate,0,6.927728784
COL4A1,ENSG00000187498_at,GSM6380537,146,palate,1,9.464657456
COL4A1,ENSG00000187498_at,GSM6380538,148,palate,0,6.214385507
COL4A1,ENSG00000187498_at,GSM6380539,148,palate,1,8.863733533
COL4A1,ENSG00000187498_at,GSM6380540,152,skin,0,7.353415511
COL4A1,ENSG00000187498_at,GSM6380541,152,skin,1,8.302130306
COL4A1,ENSG00000187498_at,GSM6380542,152,skin,0.25,8.269445874
COL4A1,ENSG00000187498_at,GSM6380543,156,skin,0,7.630539676
COL4A1,ENSG00000187498_at,GSM6380544,156,skin,1,9.587738574
COL4A1,ENSG00000187498_at,GSM6380545,156,skin,0.25,8.503845467
COL4A1,ENSG00000187498_at,GSM6380546,152,palate,0,6.555234452
COL4A1,ENSG00000187498_at,GSM6380547,152,palate,1,9.952135403
COL4A1,ENSG00000187498_at,GSM6380548,152,palate,0.25,8.548971869
COL4A1,ENSG00000187498_at,GSM6380549,156,palate,0,6.709399569
COL4A1,ENSG00000187498_at,GSM6380550,156,palate,1,9.249120298
COL4A1,ENSG00000187498_at,GSM6380551,156,palate,0.25,9.816224733
COL4A1,ENSG00000187498_at,GSM6380552,132,skin,7,9.866199277
COL4A1,ENSG00000187498_at,GSM6380553,132,palate,0,7.174505861
COL4A1,ENSG00000187498_at,GSM6380554,132,palate,3,8.807546979
COL4A1,ENSG00000187498_at,GSM6380555,132,palate,7,9.21592682
COL4A1,ENSG00000187498_at,GSM6380556,147,skin,0,7.43876293
COL4A1,ENSG00000187498_at,GSM6380557,147,skin,3,9.669968903
COL4A1,ENSG00000187498_at,GSM6380558,147,skin,7,8.665928254
COL4A1,ENSG00000187498_at,GSM6380559,147,palate,0,6.400861626
COL4A1,ENSG00000187498_at,GSM6380560,147,palate,3,9.669247975
COL4A1,ENSG00000187498_at,GSM6380561,147,palate,7,9.040684791
COL4A1,ENSG00000187498_at,GSM6380562,149,skin,3,8.720244521
COL4A1,ENSG00000187498_at,GSM6380563,149,skin,7,10.05059408
COL4A1,ENSG00000187498_at,GSM6380564,149,palate,3,8.982835654
COL4A1,ENSG00000187498_at,GSM6380565,149,palate,7,7.481734662
COL4A1,ENSG00000187498_at,GSM6380566,150,skin,3,8.669323263
COL4A1,ENSG00000187498_at,GSM6380567,150,skin,7,9.734801472
COL4A1,ENSG00000187498_at,GSM6380568,150,palate,0,5.937928784
COL4A1,ENSG00000187498_at,GSM6380569,150,palate,3,7.784969561
COL4A1,ENSG00000187498_at,GSM6380570,150,palate,7,6.94983152
COL4A1,ENSG00000187498_at,GSM6380571,153,skin,0,5.919354552
COL4A1,ENSG00000187498_at,GSM6380572,153,skin,3,8.981550568
COL4A1,ENSG00000187498_at,GSM6380573,153,skin,7,9.539654749
COL4A1,ENSG00000187498_at,GSM6380574,153,palate,0,6.415603048
COL4A1,ENSG00000187498_at,GSM6380575,153,palate,3,8.587290291
COL4A1,ENSG00000187498_at,GSM6380576,153,palate,7,10.15311826
COL4A1,ENSG00000187498_at,GSM6380577,155,skin,0,8.646141504
COL4A1,ENSG00000187498_at,GSM6380578,155,skin,3,8.628508588
COL4A1,ENSG00000187498_at,GSM6380579,155,skin,7,9.259053774
COL4A1,ENSG00000187498_at,GSM6380580,155,palate,0,6.927736424
COL4A1,ENSG00000187498_at,GSM6380581,155,palate,3,7.618111646
COL4A1,ENSG00000187498_at,GSM6380582,155,palate,7,8.557363322
MMP1,ENSG00000196611_at,GSM6380487,115,skin,1,12.94493713
MMP1,ENSG00000196611_at,GSM6380488,115,skin,3,12.23214293
MMP1,ENSG00000196611_at,GSM6380489,122,skin,1,13.4434907
MMP1,ENSG00000196611_at,GSM6380490,122,skin,3,12.30888584
MMP1,ENSG00000196611_at,GSM6380491,115,palate,0,5.679425275
MMP1,ENSG00000196611_at,GSM6380492,115,palate,1,12.35781315
MMP1,ENSG00000196611_at,GSM6380493,115,palate,3,11.89453036
MMP1,ENSG00000196611_at,GSM6380494,122,palate,0,6.927496885
MMP1,ENSG00000196611_at,GSM6380495,122,palate,1,13.17258199
MMP1,ENSG00000196611_at,GSM6380496,122,palate,3,9.261312628
MMP1,ENSG00000196611_at,GSM6380497,117,skin,0,7.25905466
MMP1,ENSG00000196611_at,GSM6380498,117,skin,3,13.31011203
MMP1,ENSG00000196611_at,GSM6380499,126,skin,0,3.208413576
MMP1,ENSG00000196611_at,GSM6380500,126,skin,1,12.46839072
MMP1,ENSG00000196611_at,GSM6380501,126,skin,3,11.98943825
MMP1,ENSG00000196611_at,GSM6380502,117,palate,0,4.626672429
MMP1,ENSG00000196611_at,GSM6380503,117,palate,1,11.47388952
MMP1,ENSG00000196611_at,GSM6380504,117,palate,3,11.82388749
MMP1,ENSG00000196611_at,GSM6380505,126,palate,0,6.552930212
MMP1,ENSG00000196611_at,GSM6380506,126,palate,1,12.58455606
MMP1,ENSG00000196611_at,GSM6380507,126,palate,3,7.101082889
MMP1,ENSG00000196611_at,GSM6380508,129,skin,0,3.451830167
MMP1,ENSG00000196611_at,GSM6380509,129,skin,1,11.74734729
MMP1,ENSG00000196611_at,GSM6380510,129,skin,0.25,12.8911287
MMP1,ENSG00000196611_at,GSM6380511,140,skin,0,10.06524212
MMP1,ENSG00000196611_at,GSM6380512,140,skin,1,11.78976842
MMP1,ENSG00000196611_at,GSM6380513,129,palate,0,3.099133781
MMP1,ENSG00000196611_at,GSM6380514,129,palate,1,11.90346583
MMP1,ENSG00000196611_at,GSM6380515,129,palate,0.25,10.43807145
MMP1,ENSG00000196611_at,GSM6380516,140,palate,0,3.265791857
MMP1,ENSG00000196611_at,GSM6380517,140,palate,1,12.83822635
MMP1,ENSG00000196611_at,GSM6380518,140,palate,0.25,10.66326229
MMP1,ENSG00000196611_at,GSM6380519,142,skin,0,4.550391344
MMP1,ENSG00000196611_at,GSM6380520,142,skin,1,13.07888279
MMP1,ENSG00000196611_at,GSM6380521,142,skin,0.25,11.39693403
MMP1,ENSG00000196611_at,GSM6380522,143,skin,0,3.803272727
MMP1,ENSG00000196611_at,GSM6380523,143,skin,1,12.93766445
MMP1,ENSG00000196611_at,GSM6380524,143,skin,0.25,12.47996894
MMP1,ENSG00000196611_at,GSM6380525,142,palate,0,6.201853146
MMP1,ENSG00000196611_at,GSM6380526,142,palate,1,12.50712733
MMP1,ENSG00000196611_at,GSM6380527,142,palate,0.25,11.26946745
MMP1,ENSG00000196611_at,GSM6380528,143,palate,0,5.237809975
MMP1,ENSG00000196611_at,GSM6380529,143,palate,1,12.65287101
MMP1,ENSG00000196611_at,GSM6380530,143,palate,0.25,10.79762012
MMP1,ENSG00000196611_at,GSM6380531,146,skin,0,6.744809947
MMP1,ENSG00000196611_at,GSM6380532,146,skin,1,13.60543961
MMP1,ENSG00000196611_at,GSM6380533,146,skin,0.25,10.40051791
MMP1,ENSG00000196611_at,GSM6380534,148,skin,0,4.172759576
MMP1,ENSG00000196611_at,GSM6380535,148,skin,0.25,12.32328539
MMP1,ENSG00000196611_at,GSM6380536,146,palate,0,3.268458259
MMP1,ENSG00000196611_at,GSM6380537,146,palate,1,12.95743331
MMP1,ENSG00000196611_at,GSM6380538,148,palate,0,3.206970658
MMP1,ENSG00000196611_at,GSM6380539,148,palate,1,13.70426144
MMP1,ENSG00000196611_at,GSM6380540,152,skin,0,3.403231906
MMP1,ENSG00000196611_at,GSM6380541,152,skin,1,11.91386724
MMP1,ENSG00000196611_at,GSM6380542,152,skin,0.25,12.51105286
MMP1,ENSG00000196611_at,GSM6380543,156,skin,0,9.33058372
MMP1,ENSG00000196611_at,GSM6380544,156,skin,1,12.48275386
MMP1,ENSG00000196611_at,GSM6380545,156,skin,0.25,10.24058757
MMP1,ENSG00000196611_at,GSM6380546,152,palate,0,4.777656667
MMP1,ENSG00000196611_at,GSM6380547,152,palate,1,13.01561771
MMP1,ENSG00000196611_at,GSM6380548,152,palate,0.25,11.82832133
MMP1,ENSG00000196611_at,GSM6380549,156,palate,0,4.715001495
MMP1,ENSG00000196611_at,GSM6380550,156,palate,1,12.15576915
MMP1,ENSG00000196611_at,GSM6380551,156,palate,0.25,11.86746192
MMP1,ENSG00000196611_at,GSM6380552,132,skin,7,8.113305676
MMP1,ENSG00000196611_at,GSM6380553,132,palate,0,4.128832992
MMP1,ENSG00000196611_at,GSM6380554,132,palate,3,9.464576982
MMP1,ENSG00000196611_at,GSM6380555,132,palate,7,10.90230665
MMP1,ENSG00000196611_at,GSM6380556,147,skin,0,3.287871574
MMP1,ENSG00000196611_at,GSM6380557,147,skin,3,13.22875334
MMP1,ENSG00000196611_at,GSM6380558,147,skin,7,13.56424321
MMP1,ENSG00000196611_at,GSM6380559,147,palate,0,3.56685597
MMP1,ENSG00000196611_at,GSM6380560,147,palate,3,13.04589951
MMP1,ENSG00000196611_at,GSM6380561,147,palate,7,12.20675509
MMP1,ENSG00000196611_at,GSM6380562,149,skin,3,12.00617328
MMP1,ENSG00000196611_at,GSM6380563,149,skin,7,7.607293067
MMP1,ENSG00000196611_at,GSM6380564,149,palate,3,9.975876204
MMP1,ENSG00000196611_at,GSM6380565,149,palate,7,4.36813911
MMP1,ENSG00000196611_at,GSM6380566,150,skin,3,12.08370099
MMP1,ENSG00000196611_at,GSM6380567,150,skin,7,9.895330388
MMP1,ENSG00000196611_at,GSM6380568,150,palate,0,4.222658413
MMP1,ENSG00000196611_at,GSM6380569,150,palate,3,7.07258575
MMP1,ENSG00000196611_at,GSM6380570,150,palate,7,3.177502954
MMP1,ENSG00000196611_at,GSM6380571,153,skin,0,3.522766873
MMP1,ENSG00000196611_at,GSM6380572,153,skin,3,11.72594418
MMP1,ENSG00000196611_at,GSM6380573,153,skin,7,8.942047046
MMP1,ENSG00000196611_at,GSM6380574,153,palate,0,5.747570964
MMP1,ENSG00000196611_at,GSM6380575,153,palate,3,9.916060656
MMP1,ENSG00000196611_at,GSM6380576,153,palate,7,10.09454309
MMP1,ENSG00000196611_at,GSM6380577,155,skin,0,8.515061214
MMP1,ENSG00000196611_at,GSM6380578,155,skin,3,12.03365067
MMP1,ENSG00000196611_at,GSM6380579,155,skin,7,9.630975428
MMP1,ENSG00000196611_at,GSM6380580,155,palate,0,3.615014708
MMP1,ENSG00000196611_at,GSM6380581,155,palate,3,7.560592547
MMP1,ENSG00000196611_at,GSM6380582,155,palate,7,8.448348215
TNF,ENSG00000232810_at,GSM6380487,115,skin,1,4.778946529
TNF,ENSG00000232810_at,GSM6380488,115,skin,3,4.607228758
TNF,ENSG00000232810_at,GSM6380489,122,skin,1,4.764692554
TNF,ENSG00000232810_at,GSM6380490,122,skin,3,4.634292246
TNF,ENSG00000232810_at,GSM6380491,115,palate,0,4.157149285
TNF,ENSG00000232810_at,GSM6380492,115,palate,1,4.529158423
TNF,ENSG00000232810_at,GSM6380493,115,palate,3,4.522973728
TNF,ENSG00000232810_at,GSM6380494,122,palate,0,4.742008213
TNF,ENSG00000232810_at,GSM6380495,122,palate,1,5.424194035
TNF,ENSG00000232810_at,GSM6380496,122,palate,3,4.702953863
TNF,ENSG00000232810_at,GSM6380497,117,skin,0,4.39343884
TNF,ENSG00000232810_at,GSM6380498,117,skin,3,4.668610864
TNF,ENSG00000232810_at,GSM6380499,126,skin,0,4.813561267
TNF,ENSG00000232810_at,GSM6380500,126,skin,1,4.983277849
TNF,ENSG00000232810_at,GSM6380501,126,skin,3,4.813387479
TNF,ENSG00000232810_at,GSM6380502,117,palate,0,4.863151875
TNF,ENSG00000232810_at,GSM6380503,117,palate,1,5.262571654
TNF,ENSG00000232810_at,GSM6380504,117,palate,3,4.788228718
TNF,ENSG00000232810_at,GSM6380505,126,palate,0,4.359374543
TNF,ENSG00000232810_at,GSM6380506,126,palate,1,5.064409208
TNF,ENSG00000232810_at,GSM6380507,126,palate,3,4.577373903
TNF,ENSG00000232810_at,GSM6380508,129,skin,0,4.671968589
TNF,ENSG00000232810_at,GSM6380509,129,skin,1,5.025353102
TNF,ENSG00000232810_at,GSM6380510,129,skin,0.25,4.851867722
TNF,ENSG00000232810_at,GSM6380511,140,skin,0,4.720384526
TNF,ENSG00000232810_at,GSM6380512,140,skin,1,5.18969514
TNF,ENSG00000232810_at,GSM6380513,129,palate,0,4.518564098
TNF,ENSG00000232810_at,GSM6380514,129,palate,1,5.169794014
TNF,ENSG00000232810_at,GSM6380515,129,palate,0.25,4.949666365
TNF,ENSG00000232810_at,GSM6380516,140,palate,0,4.248089176
TNF,ENSG00000232810_at,GSM6380517,140,palate,1,4.955081654
TNF,ENSG00000232810_at,GSM6380518,140,palate,0.25,5.675806891
TNF,ENSG00000232810_at,GSM6380519,142,skin,0,4.219359466
TNF,ENSG00000232810_at,GSM6380520,142,skin,1,4.574922714
TNF,ENSG00000232810_at,GSM6380521,142,skin,0.25,4.513421727
TNF,ENSG00000232810_at,GSM6380522,143,skin,0,4.848151947
TNF,ENSG00000232810_at,GSM6380523,143,skin,1,4.984935933
TNF,ENSG00000232810_at,GSM6380524,143,skin,0.25,4.320584725
TNF,ENSG00000232810_at,GSM6380525,142,palate,0,4.524802497
TNF,ENSG00000232810_at,GSM6380526,142,palate,1,4.918271682
TNF,ENSG00000232810_at,GSM6380527,142,palate,0.25,5.028638868
TNF,ENSG00000232810_at,GSM6380528,143,palate,0,4.159618557
TNF,ENSG00000232810_at,GSM6380529,143,palate,1,4.761926634
TNF,ENSG00000232810_at,GSM6380530,143,palate,0.25,4.693596006
TNF,ENSG00000232810_at,GSM6380531,146,skin,0,4.10992278
TNF,ENSG00000232810_at,GSM6380532,146,skin,1,4.729324221
TNF,ENSG00000232810_at,GSM6380533,146,skin,0.25,4.796785715
TNF,ENSG00000232810_at,GSM6380534,148,skin,0,4.75885411
TNF,ENSG00000232810_at,GSM6380535,148,skin,0.25,4.942364107
TNF,ENSG00000232810_at,GSM6380536,146,palate,0,4.813130835
TNF,ENSG00000232810_at,GSM6380537,146,palate,1,4.906199653
TNF,ENSG00000232810_at,GSM6380538,148,palate,0,4.166477378
TNF,ENSG00000232810_at,GSM6380539,148,palate,1,6.043992239
TNF,ENSG00000232810_at,GSM6380540,152,skin,0,4.587670473
TNF,ENSG00000232810_at,GSM6380541,152,skin,1,4.485106966
TNF,ENSG00000232810_at,GSM6380542,152,skin,0.25,4.623803893
TNF,ENSG00000232810_at,GSM6380543,156,skin,0,4.363494214
TNF,ENSG00000232810_at,GSM6380544,156,skin,1,4.855783976
TNF,ENSG00000232810_at,GSM6380545,156,skin,0.25,5.043284206
TNF,ENSG00000232810_at,GSM6380546,152,palate,0,4.665905082
TNF,ENSG00000232810_at,GSM6380547,152,palate,1,5.552541312
TNF,ENSG00000232810_at,GSM6380548,152,palate,0.25,5.117668884
TNF,ENSG00000232810_at,GSM6380549,156,palate,0,4.368357659
TNF,ENSG00000232810_at,GSM6380550,156,palate,1,5.285464861
TNF,ENSG00000232810_at,GSM6380551,156,palate,0.25,5.160789383
TNF,ENSG00000232810_at,GSM6380552,132,skin,7,4.935802909
TNF,ENSG00000232810_at,GSM6380553,132,palate,0,4.461573198
TNF,ENSG00000232810_at,GSM6380554,132,palate,3,5.164149221
TNF,ENSG00000232810_at,GSM6380555,132,palate,7,4.492492587
TNF,ENSG00000232810_at,GSM6380556,147,skin,0,5.097691373
TNF,ENSG00000232810_at,GSM6380557,147,skin,3,5.122149333
TNF,ENSG00000232810_at,GSM6380558,147,skin,7,5.463776426
TNF,ENSG00000232810_at,GSM6380559,147,palate,0,4.749724647
TNF,ENSG00000232810_at,GSM6380560,147,palate,3,5.21785545
TNF,ENSG00000232810_at,GSM6380561,147,palate,7,5.055370489
TNF,ENSG00000232810_at,GSM6380562,149,skin,3,4.744422016
TNF,ENSG00000232810_at,GSM6380563,149,skin,7,5.331174778
TNF,ENSG00000232810_at,GSM6380564,149,palate,3,4.70014689
TNF,ENSG00000232810_at,GSM6380565,149,palate,7,4.727182387
TNF,ENSG00000232810_at,GSM6380566,150,skin,3,5.233110296
TNF,ENSG00000232810_at,GSM6380567,150,skin,7,4.703559854
TNF,ENSG00000232810_at,GSM6380568,150,palate,0,4.4039654
TNF,ENSG00000232810_at,GSM6380569,150,palate,3,4.785075147
TNF,ENSG00000232810_at,GSM6380570,150,palate,7,4.219961622
TNF,ENSG00000232810_at,GSM6380571,153,skin,0,4.686746136
TNF,ENSG00000232810_at,GSM6380572,153,skin,3,4.869374418
TNF,ENSG00000232810_at,GSM6380573,153,skin,7,4.358350543
TNF,ENSG00000232810_at,GSM6380574,153,palate,0,4.449328217
TNF,ENSG00000232810_at,GSM6380575,153,palate,3,4.751290023
TNF,ENSG00000232810_at,GSM6380576,153,palate,7,4.632707956
TNF,ENSG00000232810_at,GSM6380577,155,skin,0,4.628527468
TNF,ENSG00000232810_at,GSM6380578,155,skin,3,5.314851352
TNF,ENSG00000232810_at,GSM6380579,155,skin,7,4.966054686
TNF,ENSG00000232810_at,GSM6380580,155,palate,0,4.550317519
TNF,ENSG00000232810_at,GSM6380581,155,palate,3,4.376801007
TNF,ENSG00000232810_at,GSM6380582,155,palate,7,4.449044732
