gene,probe,tissue,day,n,mean_log2,sample_sd_log2,log2_difference_from_group_baseline
COL1A1,ENSG00000108821_at,palate,0,17,8.163673774117647,0.6735316181595036,0.0
COL1A1,ENSG00000108821_at,palate,0.25,6,9.221714199833333,0.7932010635610127,1.058040425715685
COL1A1,ENSG00000108821_at,palate,1,12,8.495039519916666,0.7484938786320989,0.3313657457990189
COL1A1,ENSG00000108821_at,palate,3,10,8.6191142223,0.7194173852992573,0.45544044818235285
COL1A1,ENSG00000108821_at,palate,7,6,9.565225771666666,0.55069183354978,1.401551997549019
COL1A1,ENSG00000108821_at,skin,0,13,8.018490980692308,0.7132506466389189,0.0
COL1A1,ENSG00000108821_at,skin,0.25,7,8.119669195714286,0.980412830557614,0.10117821502197799
COL1A1,ENSG00000108821_at,skin,1,10,7.7864451486,0.7778261512983511,-0.23204583209230734
COL1A1,ENSG00000108821_at,skin,3,9,8.14356432111111,0.6531871870936385,0.12507334041880291
COL1A1,ENSG00000108821_at,skin,7,6,9.299851401833333,0.9437579476724332,1.2813604211410254
COL3A1,ENSG00000168542_at,palate,0,17,11.568917285882353,0.6275371615538545,0.0
COL3A1,ENSG00000168542_at,palate,0.25,6,11.796613413333333,1.0243344968047965,0.22769612745097945
COL3A1,ENSG00000168542_at,palate,1,12,11.22199939875,0.7821307364374754,-0.34691788713235283
COL3A1,ENSG00000168542_at,palate,3,10,12.263611968,0.4094606853071072,0.6946946821176461
COL3A1,ENSG00000168542_at,palate,7,6,13.378805136666667,0.5027230488575134,1.809887850784314
COL3A1,ENSG00000168542_at,skin,0,13,11.561601294615384,0.7762834839996539,0.0
COL3A1,ENSG00000168542_at,skin,0.25,7,11.027521988714286,1.5182688106387898,-0.5340793059010984
COL3A1,ENSG00000168542_at,skin,1,10,10.494759989,0.6833851095266126,-1.0668413056153838
COL3A1,ENSG00000168542_at,skin,3,9,11.821757338888888,0.3124337448060455,0.26015604427350425
COL3A1,ENSG00000168542_at,skin,7,6,13.309336293333333,1.0043962319336142,1.7477349987179487
COL4A1,ENSG00000187498_at,palate,0,17,6.553506799058823,0.44788842409383417,0.0
COL4A1,ENSG00000187498_at,palate,0.25,6,8.421912840666666,0.7198937527761279,1.8684060416078427
COL4A1,ENSG00000187498_at,palate,1,12,8.97138101925,0.6078667922256857,2.4178742201911767
COL4A1,ENSG00000187498_at,palate,3,10,8.5178942853,0.6358935331162587,1.9643874862411774
COL4A1,ENSG00000187498_at,palate,7,6,8.566443229166667,1.1793540762481407,2.0129364301078443
COL4A1,ENSG00000187498_at,skin,0,13,7.147321526,0.7542045424953407,0.0
COL4A1,ENSG00000187498_at,skin,0.25,7,8.085233428571428,0.286800714968902,0.937911902571428
COL4A1,ENSG00000187498_at,skin,1,10,8.4868678537,0.49892148508083195,1.3395463277
COL4A1,ENSG00000187498_at,skin,3,9,9.119381848222222,0.464189777139513,1.9720603222222222
COL4A1,ENSG00000187498_at,skin,7,6,9.519371934333334,0.4990869888182277,2.372050408333334
COL7A1,ENSG00000114270_at,palate,0,17,8.068346682117648,0.33806930610384994,0.0
COL7A1,ENSG00000114270_at,palate,0.25,6,7.521478647833334,0.1363599442804698,-0.546868034284314
COL7A1,ENSG00000114270_at,palate,1,12,7.410243033666666,0.3493562305189423,-0.6581036484509815
COL7A1,ENSG00000114270_at,palate,3,10,7.8434705914,0.6676062042086122,-0.2248760907176477
COL7A1,ENSG00000114270_at,palate,7,6,8.572029127333334,0.3665610612946505,0.5036824452156861
COL7A1,ENSG00000114270_at,skin,0,13,7.765157397461539,0.5628554427874495,0.0
COL7A1,ENSG00000114270_at,skin,0.25,7,6.857882988285715,0.4519776961005975,-0.907274409175824
COL7A1,ENSG00000114270_at,skin,1,10,6.6170516055,0.3517343882102757,-1.1481057919615383
COL7A1,ENSG00000114270_at,skin,3,9,7.742830537222222,0.473537847432952,-0.022326860239316737
COL7A1,ENSG00000114270_at,skin,7,6,8.592623611166667,0.37711952706420515,0.8274662137051285
DCN,ENSG00000011465_at,palate,0,17,9.553650019529412,0.31975063599396375,0.0
DCN,ENSG00000011465_at,palate,0.25,6,9.203448283166667,0.5200542741552607,-0.3502017363627452
DCN,ENSG00000011465_at,palate,1,12,9.260990849166667,0.3624700370466431,-0.2926591703627448
DCN,ENSG00000011465_at,palate,3,10,9.8634409425,0.22197813807913463,0.3097909229705884
DCN,ENSG00000011465_at,palate,7,6,9.9326155785,0.32698956598899115,0.37896555897058803
DCN,ENSG00000011465_at,skin,0,13,8.943895070307692,0.40861987179602105,0.0
DCN,ENSG00000011465_at,skin,0.25,7,9.338711139571428,0.4503235801300156,0.3948160692637366
DCN,ENSG00000011465_at,skin,1,10,8.5477609276,0.5201584316887026,-0.396134142707691
DCN,ENSG00000011465_at,skin,3,9,8.808934163888889,0.2779797957899894,-0.13496090641880265
DCN,ENSG00000011465_at,skin,7,6,9.386333510333333,0.6759096658585613,0.4424384400256418
FMOD,ENSG00000122176_at,palate,0,17,7.962789967058824,0.567685425221722,0.0
FMOD,ENSG00000122176_at,palate,0.25,6,8.803467003166666,0.60435919689549,0.8406770361078424
FMOD,ENSG00000122176_at,palate,1,12,8.755796976083333,0.41899470681781215,0.7930070090245094
FMOD,ENSG00000122176_at,palate,3,10,8.4699135839,0.3835252908409211,0.5071236168411764
FMOD,ENSG00000122176_at,palate,7,6,9.1270784065,0.5097981928078976,1.1642884394411768
FMOD,ENSG00000122176_at,skin,0,13,7.583960304538461,0.46944388583468394,0.0
FMOD,ENSG00000122176_at,skin,0.25,7,7.299391535428572,0.3538373981930938,-0.2845687691098897
FMOD,ENSG00000122176_at,skin,1,10,7.1366364839,0.3608315906399549,-0.4473238206384611
FMOD,ENSG00000122176_at,skin,3,9,7.846222412555555,0.3014536410960827,0.2622621080170937
FMOD,ENSG00000122176_at,skin,7,6,7.902009116166666,0.5626468463903939,0.31804881162820475
FN1,ENSG00000115414_at,palate,0,17,4.356616542058823,0.13457953371352815,0.0
FN1,ENSG00000115414_at,palate,0.25,6,4.890024767,0.4178373370598567,0.5334082249411765
FN1,ENSG00000115414_at,palate,1,12,4.845264181166667,0.21751541389535245,0.48864763910784337
FN1,ENSG00000115414_at,palate,3,10,4.7496057284,0.2394437983217501,0.3929891863411763
FN1,ENSG00000115414_at,palate,7,6,5.090000189666666,0.2798372162190889,0.7333836476078428
FN1,ENSG00000115414_at,skin,0,13,4.771614189923077,0.2774177360714395,0.0
FN1,ENSG00000115414_at,skin,0.25,7,5.161856969285714,0.29985620987923056,0.3902427793626373
FN1,ENSG00000115414_at,skin,1,10,4.8682524363,0.29050825523780044,0.09663824637692287
FN1,ENSG00000115414_at,skin,3,9,4.893160519111111,0.2638319970388461,0.12154632918803454
FN1,ENSG00000115414_at,skin,7,6,5.171121077666666,0.4925991970272019,0.39950688774358944
IDO1,ENSG00000131203_at,palate,0,17,5.3057496664117645,0.4042029612795301,0.0
IDO1,ENSG00000131203_at,palate,0.25,6,5.5397887101666665,0.6656773851616147,0.23403904375490203
IDO1,ENSG00000131203_at,palate,1,12,7.3692157900833335,1.267456981375376,2.063466123671569
IDO1,ENSG00000131203_at,palate,3,10,5.3068161918,0.4955605838649475,0.0010665253882358172
IDO1,ENSG00000131203_at,palate,7,6,5.054705418,0.4560285151919976,-0.2510442484117643
IDO1,ENSG00000131203_at,skin,0,13,5.414926007923077,0.48783254782461705,0.0
IDO1,ENSG00000131203_at,skin,0.25,7,5.564658041714286,0.5414545760044507,0.14973203379120914
IDO1,ENSG00000131203_at,skin,1,10,6.32678783,0.5352841815860339,0.911861822076923
IDO1,ENSG00000131203_at,skin,3,9,6.315569033111111,0.4203490578128967,0.9006430251880344
IDO1,ENSG00000131203_at,skin,7,6,5.698564696,0.3827080636393376,0.2836386880769233
IL1B,ENSG00000125538_at,palate,0,17,7.01747984817647,0.42568401115270793,0.0
IL1B,ENSG00000125538_at,palate,0.25,6,8.898334245833333,0.6996436779739845,1.8808543976568624
IL1B,ENSG00000125538_at,palate,1,12,9.727942841166666,1.6683405500765678,2.7104629929901956
IL1B,ENSG00000125538_at,palate,3,10,7.8184417928,0.9777607572580563,0.8009619446235297
IL1B,ENSG00000125538_at,palate,7,6,6.9236556885,0.5307110734776714,-0.09382415967646995
IL1B,ENSG00000125538_at,skin,0,13,6.070074969692308,0.6440729890982937,0.0
IL1B,ENSG00000125538_at,skin,0.25,7,7.491123490714286,0.6648206666551437,1.4210485210219783
IL1B,ENSG00000125538_at,skin,1,10,7.5137438437,1.1915306104281544,1.4436688740076926
IL1B,ENSG00000125538_at,skin,3,9,8.33159513188889,1.0265416030958499,2.2615201621965815
IL1B,ENSG00000125538_at,skin,7,6,6.751552392,1.8073450856290587,0.681477422307692
IL6,ENSG00000136244_at,palate,0,17,4.592590376058824,0.2358872049268984,0.0
IL6,ENSG00000136244_at,palate,0.25,6,9.369018546,1.0641153749160601,4.776428169941176
IL6,ENSG00000136244_at,palate,1,12,8.562423454416667,1.8520292917909735,3.9698330783578433
IL6,ENSG00000136244_at,palate,3,10,4.7144185329,0.6440071353161493,0.12182815684117632
IL6,ENSG00000136244_at,palate,7,6,4.223570428666666,0.3835304785158257,-0.3690199473921574
IL6,ENSG00000136244_at,skin,0,13,4.799527902,1.1505771649069814,0.0
IL6,ENSG00000136244_at,skin,0.25,7,8.392434853571428,1.3097595662588253,3.592906951571428
IL6,ENSG00000136244_at,skin,1,10,6.1274894805,0.8861249638276179,1.3279615785
IL6,ENSG00000136244_at,skin,3,9,5.448741888888889,0.4811523897754463,0.6492139868888884
IL6,ENSG00000136244_at,skin,7,6,4.291343622166667,0.40528981055525454,-0.5081842798333334
LAMA3,ENSG00000053747_at,palate,0,17,4.8797351654705885,0.0873667196946473,0.0
LAMA3,ENSG00000053747_at,palate,0.25,6,4.889385678833333,0.1016479009235752,0.009650513362744917
LAMA3,ENSG00000053747_at,palate,1,12,5.038292232833333,0.16223736960155463,0.15855706736274477
LAMA3,ENSG00000053747_at,palate,3,10,4.9856855082000004,0.10681750126187019,0.10595034272941195
LAMA3,ENSG00000053747_at,palate,7,6,4.889868202333333,0.18347553533221111,0.010133036862744582
LAMA3,ENSG00000053747_at,skin,0,13,4.631607516230769,0.1293448387606686,0.0
LAMA3,ENSG00000053747_at,skin,0.25,7,4.7832372254285715,0.09087192417509453,0.1516297091978025
LAMA3,ENSG00000053747_at,skin,1,10,4.9946902265999995,0.11787024578863087,0.36308271036923045
LAMA3,ENSG00000053747_at,skin,3,9,4.980403010444444,0.07139698396284261,0.3487954942136753
LAMA3,ENSG00000053747_at,skin,7,6,5.0198840276666665,0.1292551443520556,0.3882765114358975
MKI67,ENSG00000148773_at,palate,0,17,6.912993640941177,0.3685806428871733,0.0
MKI67,ENSG00000148773_at,palate,0.25,6,6.492218452166666,0.4783241348316517,-0.4207751887745106
MKI67,ENSG00000148773_at,palate,1,12,6.8824764106666665,0.5849680330151498,-0.030517230274510254
MKI67,ENSG00000148773_at,palate,3,10,7.50924818,0.3606532760379417,0.5962545390588234
MKI67,ENSG00000148773_at,palate,7,6,6.712931123333333,0.46650387104013846,-0.20006251760784366
MKI67,ENSG00000148773_at,skin,0,13,6.4665226467692305,0.36203520353786767,0.0
MKI67,ENSG00000148773_at,skin,0.25,7,5.788434524714286,0.1426897830841605,-0.6780881220549446
MKI67,ENSG00000148773_at,skin,1,10,5.8823748123,0.4730963151261272,-0.5841478344692304
MKI67,ENSG00000148773_at,skin,3,9,7.957673601888889,0.2839823834471927,1.4911509551196582
MKI67,ENSG00000148773_at,skin,7,6,7.578917396833333,0.5130144498231664,1.1123947500641025
MMP1,ENSG00000196611_at,palate,0,17,4.637654922705883,1.2463847295744903,0.0
MMP1,ENSG00000196611_at,palate,0.25,6,11.144034093333334,0.6094026240849945,6.506379170627451
MMP1,ENSG00000196611_at,palate,1,12,12.610301070833334,0.597278520197246,7.972646148127451
MMP1,ENSG00000196611_at,palate,3,10,9.7116405016,2.0850246634578626,5.073985578894117
MMP1,ENSG00000196611_at,palate,7,6,8.199599184833334,3.658309758101659,3.561944262127451
MMP1,ENSG00000196611_at,skin,0,13,5.485791492615385,2.540252229113166,0.0
MMP1,ENSG00000196611_at,skin,0.25,7,11.749067914285714,1.077571672031216,6.263276421670329
MMP1,ENSG00000196611_at,skin,1,10,12.641254221,0.6710714132570037,7.155462728384616
MMP1,ENSG00000196611_at,skin,3,9,12.324311278888889,0.5603930907213448,6.838519786273504
MMP1,ENSG00000196611_at,skin,7,6,9.625532469166666,2.117240436269535,4.139740976551281
MMP9,ENSG00000100985_at,palate,0,17,5.873325546058823,0.4781491887817337,0.0
MMP9,ENSG00000100985_at,palate,0.25,6,8.3808967785,0.39483038275531507,2.507571232441177
MMP9,ENSG00000100985_at,palate,1,12,10.119442595666667,1.2041255693189568,4.246117049607844
MMP9,ENSG00000100985_at,palate,3,10,8.163367566,1.2755123798114885,2.2900420199411764
MMP9,ENSG00000100985_at,palate,7,6,6.778847971333334,1.1887841542593687,0.9055224252745102
MMP9,ENSG00000100985_at,skin,0,13,6.286097235846154,0.7601204470402603,0.0
MMP9,ENSG00000100985_at,skin,0.25,7,7.685992774571428,0.7755073315807768,1.399895538725274
MMP9,ENSG00000100985_at,skin,1,10,8.8411423613,0.863014517371442,2.5550451254538453
MMP9,ENSG00000100985_at,skin,3,9,10.07121929488889,1.4032725236623718,3.7851220590427355
MMP9,ENSG00000100985_at,skin,7,6,8.841762122666667,0.808150789567455,2.555664886820513
TGFB1,ENSG00000105329_at,palate,0,17,5.546997024705882,0.2981464007856421,0.0
TGFB1,ENSG00000105329_at,palate,0.25,6,6.181388042666667,0.277190740764464,0.6343910179607848
TGFB1,ENSG00000105329_at,palate,1,12,6.215632026833333,0.3661474720787462,0.6686350021274512
TGFB1,ENSG00000105329_at,palate,3,10,5.8423762739,0.4694876792850981,0.2953792491941183
TGFB1,ENSG00000105329_at,palate,7,6,5.7668653135,0.43235844854713457,0.21986828879411835
TGFB1,ENSG00000105329_at,skin,0,13,5.490301911615385,0.4944323957102274,0.0
TGFB1,ENSG00000105329_at,skin,0.25,7,5.910420016428572,0.4558647949766919,0.420118104813187
TGFB1,ENSG00000105329_at,skin,1,10,6.5253779587,0.42480176747087156,1.0350760470846154
TGFB1,ENSG00000105329_at,skin,3,9,6.125722518222222,0.5809925803076775,0.6354206066068375
TGFB1,ENSG00000105329_at,skin,7,6,5.971958298833333,0.40635448078854036,0.48165638721794846
TNF,ENSG00000232810_at,palate,0,17,4.482443422294118,0.2284610756458935,0.0
TNF,ENSG00000232810_at,palate,0.25,6,5.104361066166667,0.3250550169412982,0.6219176438725489
TNF,ENSG00000232810_at,palate,1,12,5.15613378075,0.4002167820190717,0.6736903584558824
TNF,ENSG00000232810_at,palate,3,10,4.758684795,0.2619720649202474,0.2762413727058819
TNF,ENSG00000232810_at,palate,7,6,4.596126628833334,0.28400420409403176,0.11368320653921593
TNF,ENSG00000232810_at,skin,0,13,4.607674706846153,0.2725162770302145,0.0
TNF,ENSG00000232810_at,skin,0.25,7,4.727444585,0.2544001110208998,0.11976987815384632
TNF,ENSG00000232810_at,skin,1,10,4.8372038984,0.2150481292492403,0.22952919155384688
TNF,ENSG00000232810_at,skin,3,9,4.889714084666666,0.2678532588775691,0.2820393778205128
TNF,ENSG00000232810_at,skin,7,6,4.959786532666667,0.40495108490561804,0.35211182582051315
VEGFA,ENSG00000112715_at,palate,0,17,6.4901354170588235,0.27152286203749454,0.0
VEGFA,ENSG00000112715_at,palate,0.25,6,7.6573946585,0.25424909336505985,1.1672592414411769
VEGFA,ENSG00000112715_at,palate,1,12,6.921374858333333,0.36927809328121347,0.43123944127450997
VEGFA,ENSG00000112715_at,palate,3,10,6.3661827585,0.4029433779887304,-0.12395265855882354
VEGFA,ENSG00000112715_at,palate,7,6,6.27146625,0.37044996988258555,-0.2186691670588239
VEGFA,ENSG00000112715_at,skin,0,13,5.891573472153846,0.7223489672086428,0.0
VEGFA,ENSG00000112715_at,skin,0.25,7,8.115549015285714,0.42141727039735943,2.2239755431318677
VEGFA,ENSG00000112715_at,skin,1,10,6.7031193413,0.31014012878500624,0.8115458691461539
VEGFA,ENSG00000112715_at,skin,3,9,6.784751771888889,0.3010557152343762,0.8931782997350428
VEGFA,ENSG00000112715_at,skin,7,6,6.422720165166667,0.6498649106754119,0.531146693012821
