config,outcome,n_pairs,mean_delta,sd_delta,min_delta,max_delta
"RvD1 assumed 25% recovery, day 0",peak_collagen,5,0.023972519999999997,0.039341576244502456,-0.0434397,0.05481059999999999
"RvD1 assumed 25% recovery, day 0",peak_inflammation,5,-0.01939799999999998,0.016421195754268363,-0.043179999999999996,-0.003689999999999971
"RvD1 assumed 25% recovery, day 0",peak_macrophages,5,0.0,0.0,0.0,0.0
"RvD1 assumed 25% recovery, day 0",peak_neutrophils,5,0.0,0.7071067811865476,-1.0,1.0
"RvD1 assumed 25% recovery, day 0",scar_magnitude,5,0.1438352,0.23604807875557893,-0.260636,0.32886299999999996
"RvD1 assumed 25% recovery, day 0",time_to_50pct_days,5,-0.6666666666666664,1.602948671805944,-2.5,1.6666666666666643
"RvD1 assumed 25% recovery, day 0",time_to_50pct_h,5,-16.0,38.47076812334269,-60.0,40.0
"RvD1 assumed 25% recovery, day 0",time_to_90pct_days,5,0.8333333333333336,2.6352313834736516,-1.6666666666666679,5.0000000000000036
"RvD1 assumed 25% recovery, day 0",time_to_90pct_h,5,20.0,63.245553203367585,-40.0,120.0
"RvD1 assumed 25% recovery, day 0",wound_closure_pct,5,0.0,0.0,0.0,0.0
"RvD1 assumed 50% recovery, day 0",peak_collagen,5,0.028561999999999997,0.022419147078557647,0.007540100000000008,0.056534100000000004
"RvD1 assumed 50% recovery, day 0",peak_inflammation,5,-0.027746000000000003,0.022093806371922545,-0.0627000000000002,-0.007839999999999847
"RvD1 assumed 50% recovery, day 0",peak_macrophages,5,0.0,0.0,0.0,0.0
"RvD1 assumed 50% recovery, day 0",peak_neutrophils,5,-0.2,0.8366600265340756,-1.0,1.0
"RvD1 assumed 50% recovery, day 0",scar_magnitude,5,0.17137140000000003,0.1345130367020238,0.04524,0.33920200000000006
"RvD1 assumed 50% recovery, day 0",time_to_50pct_days,5,-0.8333333333333325,0.8333333333333326,-1.666666666666666,0.0
"RvD1 assumed 50% recovery, day 0",time_to_50pct_h,5,-20.0,20.0,-40.0,0.0
"RvD1 assumed 50% recovery, day 0",time_to_90pct_days,5,-0.6666666666666672,1.602948671805946,-2.5,1.6666666666666679
"RvD1 assumed 50% recovery, day 0",time_to_90pct_h,5,-16.0,38.47076812334269,-60.0,40.0
"RvD1 assumed 50% recovery, day 0",wound_closure_pct,5,0.0,0.0,0.0,0.0
"RvD1 assumed 75% recovery, day 0",peak_collagen,5,0.00908078,0.0409980430608828,-0.0630802,0.0328711
"RvD1 assumed 75% recovery, day 0",peak_inflammation,5,-0.03241199999999993,0.02157920457292165,-0.06616,-0.013979999999999881
"RvD1 assumed 75% recovery, day 0",peak_macrophages,5,0.0,0.0,0.0,0.0
"RvD1 assumed 75% recovery, day 0",peak_neutrophils,5,0.2,0.8366600265340756,-1.0,1.0
"RvD1 assumed 75% recovery, day 0",scar_magnitude,5,0.054484600000000015,0.2459869562930116,-0.37847899999999995,0.19722499999999998
"RvD1 assumed 75% recovery, day 0",time_to_50pct_days,5,-0.8333333333333325,0.8333333333333326,-1.666666666666666,0.0
"RvD1 assumed 75% recovery, day 0",time_to_50pct_h,5,-20.0,20.0,-40.0,0.0
"RvD1 assumed 75% recovery, day 0",time_to_90pct_days,5,0.6666666666666657,1.3693063937629149,-0.8333333333333357,2.4999999999999964
"RvD1 assumed 75% recovery, day 0",time_to_90pct_h,5,16.0,32.863353450309965,-20.0,60.0
"RvD1 assumed 75% recovery, day 0",wound_closure_pct,5,0.0,0.0,0.0,0.0
"RvD1 assumed 50% recovery, day 7",peak_collagen,5,-0.0071668200000000026,0.03197713833478537,-0.0412873,0.0449956
"RvD1 assumed 50% recovery, day 7",peak_inflammation,5,0.0,0.0,0.0,0.0
"RvD1 assumed 50% recovery, day 7",peak_macrophages,5,0.0,0.0,0.0,0.0
"RvD1 assumed 50% recovery, day 7",peak_neutrophils,5,0.0,0.0,0.0,0.0
"RvD1 assumed 50% recovery, day 7",scar_magnitude,5,-0.04299999999999998,0.19186282563201243,-0.247722,0.269975
"RvD1 assumed 50% recovery, day 7",time_to_50pct_days,5,-0.49999999999999967,0.745355992499929,-0.8333333333333339,0.8333333333333321
"RvD1 assumed 50% recovery, day 7",time_to_50pct_h,5,-12.0,17.88854381999832,-20.0,20.0
"RvD1 assumed 50% recovery, day 7",time_to_90pct_days,5,0.9999999999999986,3.6036247184066093,-3.333333333333332,6.666666666666668
"RvD1 assumed 50% recovery, day 7",time_to_90pct_h,5,24.0,86.48699324175861,-80.0,160.0
"RvD1 assumed 50% recovery, day 7",wound_closure_pct,5,0.0,0.0,0.0,0.0
"RvD1 assumed 50% recovery, day 14",peak_collagen,5,0.002697660000000001,0.014748158358181543,-0.022294200000000004,0.014910000000000007
"RvD1 assumed 50% recovery, day 14",peak_inflammation,5,0.0,0.0,0.0,0.0
"RvD1 assumed 50% recovery, day 14",peak_macrophages,5,0.0,0.0,0.0,0.0
"RvD1 assumed 50% recovery, day 14",peak_neutrophils,5,0.0,0.0,0.0,0.0
"RvD1 assumed 50% recovery, day 14",scar_magnitude,5,0.01618660000000003,0.0884892730013079,-0.13376499999999997,0.08946200000000004
"RvD1 assumed 50% recovery, day 14",time_to_50pct_days,5,-0.4999999999999993,0.7453559924999288,-1.6666666666666643,0.0
"RvD1 assumed 50% recovery, day 14",time_to_50pct_h,5,-12.0,17.88854381999832,-40.0,0.0
"RvD1 assumed 50% recovery, day 14",time_to_90pct_days,5,0.4999999999999993,1.3944333775567912,-1.6666666666666643,1.6666666666666679
"RvD1 assumed 50% recovery, day 14",time_to_90pct_h,5,12.0,33.46640106136302,-40.0,40.0
"RvD1 assumed 50% recovery, day 14",wound_closure_pct,5,0.0,0.0,0.0,0.0
