config,seed,peak_collagen,peak_inflammation,peak_macrophages,peak_neutrophils,scar_magnitude,time_to_50pct_days,time_to_50pct_h,time_to_90pct_days,time_to_90pct_h,wound_closure_pct
Untreated diabetic,42,0.0450349,1.69763,25.0,37.0,0.270209,17.5,420.0,30.833333333333332,740.0,100.0
Untreated diabetic,43,0.0660461,1.6662,25.0,35.0,0.396277,16.666666666666668,400.0,31.666666666666668,760.0,100.0
Untreated diabetic,44,0.0749504,1.65702,25.0,38.0,0.449702,17.5,420.0,33.333333333333336,800.0,100.0
Untreated diabetic,45,0.132601,1.70348,25.0,35.0,0.795604,18.333333333333332,440.0,35.0,840.0,100.0
Untreated diabetic,46,0.0710429,1.68604,25.0,36.0,0.426257,18.333333333333332,440.0,33.333333333333336,800.0,100.0
"RvD1 assumed 25% recovery, day 0",42,0.081392,1.67956,25.0,37.0,0.488352,17.5,420.0,35.833333333333336,860.0,100.0
"RvD1 assumed 25% recovery, day 0",43,0.113287,1.66117,25.0,35.0,0.67972,18.333333333333332,440.0,33.333333333333336,800.0,100.0
"RvD1 assumed 25% recovery, day 0",44,0.129761,1.65333,25.0,37.0,0.778565,15.0,360.0,31.666666666666668,760.0,100.0
"RvD1 assumed 25% recovery, day 0",45,0.0891613,1.6603,25.0,35.0,0.534968,17.5,420.0,34.166666666666664,820.0,100.0
"RvD1 assumed 25% recovery, day 0",46,0.0959366,1.65902,25.0,37.0,0.57562,16.666666666666668,400.0,33.333333333333336,800.0,100.0
"RvD1 assumed 50% recovery, day 0",42,0.101569,1.67449,25.0,37.0,0.609411,17.5,420.0,32.5,780.0,100.0
"RvD1 assumed 50% recovery, day 0",43,0.0735862,1.65505,25.0,36.0,0.441517,16.666666666666668,400.0,30.833333333333332,740.0,100.0
"RvD1 assumed 50% recovery, day 0",44,0.0960461,1.64918,25.0,37.0,0.576276,15.833333333333334,380.0,31.666666666666668,760.0,100.0
"RvD1 assumed 50% recovery, day 0",45,0.142313,1.64078,25.0,34.0,0.853879,17.5,420.0,32.5,780.0,100.0
"RvD1 assumed 50% recovery, day 0",46,0.118971,1.65214,25.0,36.0,0.713823,16.666666666666668,400.0,33.333333333333336,800.0,100.0
"RvD1 assumed 75% recovery, day 0",42,0.0773289,1.66904,25.0,37.0,0.463973,15.833333333333334,380.0,32.5,780.0,100.0
"RvD1 assumed 75% recovery, day 0",43,0.0945929,1.65185,25.0,36.0,0.567557,16.666666666666668,400.0,34.166666666666664,820.0,100.0
"RvD1 assumed 75% recovery, day 0",44,0.0897226,1.64304,25.0,38.0,0.538335,17.5,420.0,32.5,780.0,100.0
"RvD1 assumed 75% recovery, day 0",45,0.0695208,1.63732,25.0,34.0,0.417125,17.5,420.0,35.0,840.0,100.0
"RvD1 assumed 75% recovery, day 0",46,0.103914,1.64706,25.0,37.0,0.623482,16.666666666666668,400.0,33.333333333333336,800.0,100.0
"RvD1 assumed 50% recovery, day 7",42,0.0295065,1.69763,25.0,37.0,0.177039,16.666666666666668,400.0,37.5,900.0,100.0
"RvD1 assumed 50% recovery, day 7",43,0.0606819,1.6662,25.0,35.0,0.364092,15.833333333333334,380.0,31.666666666666668,760.0,100.0
"RvD1 assumed 50% recovery, day 7",44,0.119946,1.65702,25.0,38.0,0.719677,18.333333333333332,440.0,34.166666666666664,820.0,100.0
"RvD1 assumed 50% recovery, day 7",45,0.0913137,1.70348,25.0,35.0,0.547882,17.5,420.0,31.666666666666668,760.0,100.0
"RvD1 assumed 50% recovery, day 7",46,0.0523931,1.68604,25.0,36.0,0.314359,17.5,420.0,34.166666666666664,820.0,100.0
"RvD1 assumed 50% recovery, day 14",42,0.0227407,1.69763,25.0,37.0,0.136444,16.666666666666668,400.0,30.833333333333332,740.0,100.0
"RvD1 assumed 50% recovery, day 14",43,0.0751207,1.6662,25.0,35.0,0.450724,16.666666666666668,400.0,33.333333333333336,800.0,100.0
"RvD1 assumed 50% recovery, day 14",44,0.0766579,1.65702,25.0,38.0,0.459948,17.5,420.0,35.0,840.0,100.0
"RvD1 assumed 50% recovery, day 14",45,0.147511,1.70348,25.0,35.0,0.885066,16.666666666666668,400.0,33.333333333333336,800.0,100.0
"RvD1 assumed 50% recovery, day 14",46,0.0811333,1.68604,25.0,36.0,0.4868,18.333333333333332,440.0,34.166666666666664,820.0,100.0
