stage,cohort,observable,before_mean_rmse_pct,after_mean_rmse_pct,mean_delta_pct,sample_sd_delta_pct
intermediate,normal-wound,Wound closure,7.00007654854527,7.028821293476534,0.02874474493126507,0.2085908734464417
intermediate,normal-wound,Inflammation,10.061135975704332,10.056014581692267,-0.0051213940120640915,0.23752625022727172
intermediate,normal-wound,Neutrophils,4.845708792864105,5.469092928318388,0.6233841354542825,1.2957759952595511
intermediate,normal-wound,Macrophages,16.20291663809262,13.60725218656559,-2.5956644515270297,5.461282034622011
intermediate,normal-wound,Fibroblasts,14.68339604796435,11.478440590728768,-3.2049554572355827,1.4830157764202296
intermediate,normal-wound,Myofibroblasts,14.658554424399574,27.538882585927464,12.880328161527888,13.766530595942159
intermediate,normal-wound,Collagen,18.66773488090645,53.07091524883296,34.40318036792651,3.4401193346140886
intermediate,normal-wound,TGF-b,13.344102141614368,15.938367300614074,2.5942651589997063,1.3484796810437536
intermediate,normal-wound,VEGF,9.078630347975936,8.950597440335331,-0.1280329076406055,0.06577916743638132
intermediate,normal-wound,Fibronectin,13.171502478069032,15.992902612844201,2.8214001347751694,1.8057978676078712
intermediate,normal-wound,MMP,14.855894499047968,15.632239647244589,0.7763451481966204,1.6264938193683227
intermediate,normal-wound,pH,7.161346378754226,15.606107950409854,8.444761571655627,1.2105597391782297
intermediate,diabetic-diabetic-wound,Wound closure,13.606255531049767,13.899506350886487,0.2932508198367187,2.306308113052497
intermediate,diabetic-diabetic-wound,Inflammation,12.300264512523563,12.618563785506831,0.31829927298326766,2.193972683221531
intermediate,diabetic-diabetic-wound,Neutrophils,21.417457933245352,23.346888713760663,1.9294307805153086,4.772883333438073
intermediate,diabetic-diabetic-wound,Macrophages,23.67907237473374,25.30818818311267,1.6291158083789317,2.5531024260183544
intermediate,diabetic-diabetic-wound,TGF-b,22.897826944664363,26.12823093817788,3.230403993513518,1.108535887345434
intermediate,diabetic-diabetic-wound,MMP,23.337309283717516,19.977776460696315,-3.3595328230212025,9.58815494010083
intermediate,normal-full-model,Wound closure,6.926932230253374,7.307889793191644,0.38095756293827093,0.36692572559605124
intermediate,normal-full-model,Inflammation,10.421603536992986,10.140787868333048,-0.28081566865993857,0.4729779725705728
intermediate,normal-full-model,Neutrophils,5.078079125974895,5.327330829351372,0.24925170337647748,1.4363316891349422
intermediate,normal-full-model,Macrophages,18.228399019596814,16.074666652095992,-2.153732367500823,7.103692062977806
intermediate,normal-full-model,Fibroblasts,11.990176633981356,12.743347369539668,0.7531707355583114,3.6982831861063445
intermediate,normal-full-model,Myofibroblasts,16.32507471501472,29.432835128650716,13.107760413635999,9.788194941095933
intermediate,normal-full-model,Collagen,12.564520218780814,23367863.95545792,23367851.3909377,40474235.11565497
intermediate,normal-full-model,TGF-b,14.065351280914928,14.292753675329303,0.22740239441437402,2.7325449213844935
intermediate,normal-full-model,VEGF,8.75583375729996,8.061975023059988,-0.6938587342399725,0.6312480457079378
intermediate,normal-full-model,Fibronectin,14.200636833095498,16.134326054819308,1.9336892217238113,2.7043219230351636
intermediate,normal-full-model,MMP,16.53503341321052,15.838330537587266,-0.6967028756232535,4.297427505025776
intermediate,normal-full-model,pH,7.994472881963459,15.135820796745778,7.141347914782318,0.19268430036912232
final,normal-wound,Wound closure,7.00007654854527,7.369964553648437,0.3698880051031675,0.5097959434750398
final,normal-wound,Inflammation,10.061135975704332,15.920662230099833,5.859526254395501,0.3887228112834678
final,normal-wound,Neutrophils,4.845708792864105,5.496177989479652,0.6504691966155466,1.5425787891131264
final,normal-wound,Macrophages,16.20291663809262,14.711104231123628,-1.4918124069689938,1.1860334940405413
final,normal-wound,Fibroblasts,14.68339604796435,14.040516773812794,-0.6428792741515567,3.6638125007982545
final,normal-wound,Myofibroblasts,14.658554424399574,34.396833969990354,19.738279545590782,7.817257440089775
final,normal-wound,Collagen,18.66773488090645,79056046.24396668,79056027.57623181,136929015.92058426
final,normal-wound,TGF-b,13.344102141614368,28.82869335977484,15.484591218160473,1.3588724108462262
final,normal-wound,VEGF,9.078630347975936,9.420019758353156,0.3413894103772191,0.32523105040916356
final,normal-wound,Fibronectin,13.171502478069032,28.160107337320742,14.98860485925171,3.8474483973429336
final,normal-wound,MMP,14.855894499047968,23.78711587146802,8.931221372420053,2.1383340450491524
final,normal-wound,pH,7.161346378754226,14.921972019521576,7.7606256407673495,1.378736197955869
final,diabetic-diabetic-wound,Wound closure,13.606255531049767,18.726404857417187,5.120149326367419,2.5168822588244057
final,diabetic-diabetic-wound,Inflammation,12.300264512523563,19.494671761855027,7.194407249331463,3.281148301447158
final,diabetic-diabetic-wound,Neutrophils,21.417457933245352,27.933962861813562,6.5165049285682075,5.081882572501293
final,diabetic-diabetic-wound,Macrophages,23.67907237473374,24.57752241421169,0.8984500394779502,2.995326248387035
final,diabetic-diabetic-wound,TGF-b,22.897826944664363,41.23679134174322,18.33896439707886,5.158403974738371
final,diabetic-diabetic-wound,MMP,23.337309283717516,14.224216691221567,-9.11309259249595,8.678849984016287
final,normal-full-model,Wound closure,6.926932230253374,7.5503855751938325,0.6234533449404592,0.36130384086092643
final,normal-full-model,Inflammation,10.421603536992986,15.871452822930944,5.449849285937958,1.390115414246735
final,normal-full-model,Neutrophils,5.078079125974895,5.927721604358257,0.8496424783833613,0.8939715134510902
final,normal-full-model,Macrophages,18.228399019596814,13.850710334039976,-4.377688685556838,5.372447114371319
final,normal-full-model,Fibroblasts,11.990176633981356,11.34564466912995,-0.6445319648514071,4.981901084365995
final,normal-full-model,Myofibroblasts,16.32507471501472,44.036917673303265,27.711842958288546,21.89378572283758
final,normal-full-model,Collagen,12.564520218780814,125013515.82330148,125013503.25878125,109478012.35006742
final,normal-full-model,TGF-b,14.065351280914928,30.16618854734793,16.100837266433,0.8881584926789071
final,normal-full-model,VEGF,8.75583375729996,9.376374007926184,0.6205402506262239,0.28569699661387543
final,normal-full-model,Fibronectin,14.200636833095498,25.48308093204632,11.28244409895082,1.454644941785417
final,normal-full-model,MMP,16.53503341321052,21.593291623898097,5.058258210687575,2.4741927853395476
final,normal-full-model,pH,7.994472881963459,14.92259874995872,6.92812586799526,1.6136640403039242
