cohort,observable,control_mean_rmse_pct,candidate_mean_rmse_pct,mean_delta_pct,sample_sd_delta_pct
normal-wound,Wound closure,7.621975280297384,7.38093275936498,-0.2410425209324035,0.36685956065425335
normal-wound,Inflammation,16.14340629347279,15.950745825927878,-0.1926604675449107,0.3316761067744626
normal-wound,Neutrophils,5.547178260595859,5.496177989479652,-0.05100027111620727,0.08833506077305849
normal-wound,Macrophages,16.31387491221046,14.334796219452615,-1.9790786927578445,1.3131055985103623
normal-wound,Fibroblasts,12.265005893306919,16.219502930946437,3.9544970376395163,5.886327783226118
normal-wound,Myofibroblasts,40.472083854997464,34.604536589284194,-5.867547265713266,3.874738055793365
normal-wound,Collagen,198831141.28076398,180477219.93179914,-18353921.348964844,95516864.60055313
normal-wound,TGF-b,29.503742450243863,28.156926629478434,-1.3468158207654273,2.1926809057846754
normal-wound,VEGF,9.420119806574709,9.420968343202377,0.0008485366276668552,0.011474109629635373
normal-wound,Fibronectin,26.178617723507084,26.161518149326543,-0.017099574180542493,0.46031108262198017
normal-wound,MMP,25.772363242487828,22.914325461890975,-2.8580377805968538,2.9992353573377097
normal-wound,pH,15.48015444699634,14.849837846601602,-0.6303166003947366,0.6509001392237793
diabetic-diabetic-wound,Wound closure,19.121807356882158,19.276466964672682,0.15465960779052423,1.9489535487563225
diabetic-diabetic-wound,Inflammation,19.511121957524,20.234437880934113,0.7233159234101135,2.512382805063011
diabetic-diabetic-wound,Neutrophils,27.565107127456145,27.370068525756594,-0.19503860169955325,0.5723992059432487
diabetic-diabetic-wound,Macrophages,24.40785133099266,22.26684236368632,-2.141008967306339,0.36154650101938585
diabetic-diabetic-wound,TGF-b,40.88281185295894,44.079380994605046,3.1965691416461133,5.506741875477113
diabetic-diabetic-wound,MMP,14.663250692955547,13.808524256820442,-0.8547264361351038,0.16317156251545728
normal-full-model,Wound closure,7.1932101014702035,7.288531142235286,0.09532104076508219,0.07659725482010943
normal-full-model,Inflammation,16.002981007263305,16.343979232673497,0.34099822541019087,0.3611907825531063
normal-full-model,Neutrophils,5.986675207507451,5.8370296291513,-0.149645578356151,0.4458191573630768
normal-full-model,Macrophages,13.091272028796517,14.490296904443438,1.3990248756469204,4.279065025214468
normal-full-model,Fibroblasts,11.936038648875275,11.119005503356847,-0.8170331455184284,5.93445507022531
normal-full-model,Myofibroblasts,36.15682221334308,44.75213963364857,8.59531742030549,18.25315941910579
normal-full-model,Collagen,91605362.93451297,863082044.1401299,771476681.2056168,1149701668.055361
normal-full-model,TGF-b,28.4734701661218,27.763471488015703,-0.7099986781060963,1.3903771210473719
normal-full-model,VEGF,9.364647159462011,9.368800266726907,0.00415310726489615,0.008099488749006652
normal-full-model,Fibronectin,25.699854714060717,25.31668820417351,-0.3831665098872084,5.3500837791205145
normal-full-model,MMP,22.691696809279197,22.74914720254836,0.057450393269164124,4.786764062404536
normal-full-model,pH,14.3345534657453,14.681559912539278,0.3470064467939776,0.21536468897782204
