arm,cohort,seed,collagen_peak,collagen_final
control,normal-wound,42,0.00553719,0.00353741
control,normal-wound,43,9.30059e-05,1.21662e-11
control,normal-wound,44,9.67826e-05,1.18881e-11
control,diabetic-diabetic-wound,42,1.69406e-05,8.06287e-12
control,diabetic-diabetic-wound,43,2.62445e-05,1.17054e-11
control,diabetic-diabetic-wound,44,2.52862e-05,1.18634e-11
control,normal-full-model,42,0.00336519,0.00247936
control,normal-full-model,43,8.28201e-05,1.5292e-11
control,normal-full-model,44,0.00315607,0.00144081
candidate,normal-wound,42,0.0120577,0.0113144
candidate,normal-wound,43,9.8112e-05,1.17331e-11
candidate,normal-wound,44,3.0238e-05,3.66894e-12
candidate,diabetic-diabetic-wound,42,2.5565e-05,1.13287e-11
candidate,diabetic-diabetic-wound,43,3.44188e-05,1.5508e-11
candidate,diabetic-diabetic-wound,44,2.60664e-05,1.17327e-11
candidate,normal-full-model,42,0.00720407,0.00649158
candidate,normal-full-model,43,0.000556136,1.55281e-11
candidate,normal-full-model,44,0.00119177,1.15245e-11
