source_id,treatment,population,observable,time,measurement,value,unit,n,model_connection,calibration_status
tang2013,resolvin_d1,db/db mice,splinted wound protocol,start 24h then daily,local RvD1 per wound,100,ng/day,5-9,wound_closure_pct,protocol only; no dose-to-factor map
tang2013,resolvin_d1,db/db mice,splinted wound closure,after 8 days application,RvD1 versus vehicle improved closure,,direction and P<0.05,5-9,wound_closure_pct,figure magnitude unavailable; not fitted
tang2013,resolvin_d1,db/db mice,TUNEL+ wound cells,day5,RvD1 versus vehicle reduced apoptotic burden,,direction and P<0.05,4,efferocytosis proxy distinct from current cell count outputs,no direct parameter calibration
tang2013,resolvin_d1,db/db mice,CD68+ wound cells,day5,RvD1 versus vehicle reduced macrophage burden,,direction and P<0.05,4,n_macrophages with species and histology sampling mismatch,no direct parameter calibration
tang2013,resolvin_d1,db/db macrophages,opsonized zymosan phagocytosis,15min pretreatment,effective RvD1 concentration,0.1,nmol/L,3-9,efferocytosis_factor is an apoptotic-cell target rather than zymosan uptake,protocol only; effect magnitude not extracted
lobmann2002,doxycycline,chronic diabetic DFU vs acute nondiabetic wound,MMP1 concentration,baseline,diabetic/control fold change,65,fold,20 diabetic;12 control,aggregate MMP field does not resolve MMP isoforms,disease measurement; no doxycycline exposure
lobmann2002,doxycycline,chronic diabetic DFU vs acute nondiabetic wound,proMMP2 concentration,baseline,diabetic/control fold change,3,fold,20 diabetic;12 control,aggregate MMP field,disease measurement; no doxycycline exposure
lobmann2002,doxycycline,chronic diabetic DFU vs acute nondiabetic wound,activeMMP2 concentration,baseline,diabetic/control fold change,6,fold,20 diabetic;12 control,aggregate MMP field,disease measurement; no doxycycline exposure
lobmann2002,doxycycline,chronic diabetic DFU vs acute nondiabetic wound,MMP8 concentration,baseline,diabetic/control fold change,2,fold,20 diabetic;12 control,aggregate MMP field,disease measurement; no doxycycline exposure
lobmann2002,doxycycline,chronic diabetic DFU vs acute nondiabetic wound,MMP9 concentration,baseline,diabetic/control fold change,14,fold,20 diabetic;12 control,aggregate MMP field,disease measurement; no doxycycline exposure
lobmann2002,doxycycline,chronic diabetic DFU vs acute nondiabetic wound,TIMP2 concentration,baseline,diabetic/control ratio,0.5,ratio,20 diabetic;12 control,TIMP field; current aggregate production factor is 0.4,concentration ratio does not identify production rate
londahl2010,hbo,selected human chronic diabetic foot ulcers,complete index ulcer healing,1 year,HBOT healed,52,percent,25/48,wound_closure_pct threshold across patients rather than mean wound area,external cohort outcome; no factor fit
londahl2010,hbo,selected human chronic diabetic foot ulcers,complete index ulcer healing,1 year,placebo healed,29,percent,12/42,wound_closure_pct threshold across patients,external cohort outcome; incompatible 42 day horizon
armstrong2005,npwt,human partial diabetic foot amputation wounds,complete healing,112 days,NPWT healed,56,percent,43/77,cohort fraction reaching closure not average closure,external cohort outcome; no parameter fit
armstrong2005,npwt,human partial diabetic foot amputation wounds,complete healing,112 days,moist wound care healed,39,percent,33/85,cohort fraction reaching closure,external cohort outcome; different wound type
morykwas1997,npwt,pig wounds,blood flow,125 mmHg below ambient,laser Doppler flow increase,4,fold,5,perfusion field not a laser Doppler measure,pig mechanistic outcome; no human angiogenesis rate fit
morykwas1997,npwt,pig wounds,granulation tissue formation,continuous suction,rate increase mean,63.3,percent,10,granulation not equivalent to collagen_factor,reported spread +/-26.1 percent; no parameter fit
morykwas1997,npwt,pig wounds,granulation tissue formation,intermittent suction,rate increase mean,103,percent,10,granulation not equivalent to collagen_factor,reported spread +/-35.3 percent; no parameter fit
smiell1999,growth_factor,human chronic full thickness lower extremity diabetic ulcers,complete healing,trial followup,becaplermin 100 microg/g probability,50,percent,922 pooled; median ulcer1.5cm2,cohort closure probability not fibroblast density,model based pooled clinical analysis; no density_factor fit
smiell1999,growth_factor,human chronic full thickness lower extremity diabetic ulcers,complete healing,trial followup,placebo probability,36,percent,922 pooled; median ulcer1.5cm2,cohort closure probability,external cohort outcome
smiell1999,growth_factor,human chronic lower extremity diabetic ulcers,35th percentile time to complete healing,trial followup,becaplermin,14.1,weeks,922 pooled,complete closure percentile distinct from model mean T50,external time-to-event outcome
smiell1999,growth_factor,human chronic lower extremity diabetic ulcers,35th percentile time to complete healing,trial followup,placebo,20.1,weeks,922 pooled,complete closure percentile distinct from model mean T50,external time-to-event outcome
hickson2019,senolytic,human diabetic kidney disease,adipose p16INK4A+ cells,11 days after3daycourse,raw marker reduction,35,percent,9,senescence cell burden marker,no wound healing endpoint or continuous clearance rate fit
hickson2019,senolytic,human diabetic kidney disease,adipose p21CIP1+ cells,11 days after3daycourse,raw marker reduction,17,percent,9,senescence cell burden marker,no wound healing endpoint
hickson2019,senolytic,human diabetic kidney disease,epidermal p16INK4A+ cells/mm,11 days after3daycourse,raw marker reduction,20,percent,9,skin senescence marker distinct from model binary senescence,no constant per-step clearance calibration
hickson2019,senolytic,human diabetic kidney disease,epidermal p21CIP1+ cells/mm,11 days after3daycourse,raw marker reduction,31,percent,9,skin senescence marker distinct from model binary senescence,no constant per-step clearance calibration
xu2017,msc,diabetic murine wounds,MMP9 expression and activated protein,days3and7,MSC treatment reduced MMP9,,direction,not extracted,MMP and collagenI outcomes; model preset targets several other pathways,mechanism evidence; no effect size fit
mirza2013,anti_inflammatory,db/db murine wounds,macrophage phenotype and wound repair,local IL1beta blockade,prohealing shift,,direction,not extracted,resolution and cytokines; preset intervention is antiTNF,distinct target; does not calibrate antiTNF preset
winter1962,moisture,young domestic pig superficial wounds,epithelialization,occlusive covering,primary record identified,,not extracted,not extracted,moisture environment mechanism,no measured TEWL83percent or recovery-rate calibration
combination_assumption,combination,no matching combination cohort,overlapping intervention outcomes,42day simulation,combined model effects,,assumed,,ordered parameter replacement,component evidence does not establish additivity or synergy
