arm,cohort,seed,final_hours,validation_exit,peak_collagen,final_collagen
control,diabetic-diabetic-wound,42,820.0,1,2.5565e-05,1.13287e-11
control,diabetic-diabetic-wound,43,820.0,1,3.44188e-05,1.5508e-11
control,diabetic-diabetic-wound,44,820.0,1,2.60664e-05,1.17327e-11
control,normal-full-model,42,710.0,1,0.00720407,0.00649158
control,normal-full-model,43,710.0,1,0.000556136,1.55281e-11
control,normal-full-model,44,710.0,1,0.00119177,1.15245e-11
control,normal-wound,42,710.0,1,0.0120577,0.0113144
control,normal-wound,43,710.0,1,9.8112e-05,1.17331e-11
control,normal-wound,44,710.0,1,3.0238e-05,3.66894e-12
candidate,diabetic-diabetic-wound,42,820.0,1,2.56014e-05,1.13601e-11
candidate,diabetic-diabetic-wound,43,820.0,1,3.94941e-05,1.91622e-11
candidate,diabetic-diabetic-wound,44,820.0,1,2.62275e-05,1.16926e-11
candidate,normal-full-model,42,710.0,1,6.19303e-05,1.55418e-11
candidate,normal-full-model,43,710.0,1,5.07557e-05,1.54915e-11
candidate,normal-full-model,44,710.0,1,0.00119225,1.15776e-11
candidate,normal-wound,42,710.0,1,8.56864e-05,1.57891e-11
candidate,normal-wound,43,710.0,1,9.82484e-05,1.18004e-11
candidate,normal-wound,44,710.0,1,7.22399e-05,4.15298e-12
mmp-off-diagnostic,normal-wound,42,710.0,1,0.121842,0.121842
mmp-off-diagnostic,normal-wound,43,710.0,1,0.130795,0.130795
mmp-off-diagnostic,normal-wound,44,710.0,1,0.00993788,0.00928427
